from,to,distance,accessible
room_ff_1,corridor_ff_1,15.90,true
corridor_ff_1,room_ff_1,15.90,true
room_ff_1,corridor_ff_2,30.58,true
corridor_ff_2,room_ff_1,30.58,true
room_ff_2,corridor_ff_2,19.05,true
corridor_ff_2,room_ff_2,19.05,true
room_ff_2,corridor_ff_1,19.88,true
corridor_ff_1,room_ff_2,19.88,true
room_ff_3,corridor_ff_2,13.21,true
corridor_ff_2,room_ff_3,13.21,true
room_ff_3,corridor_ff_1,26.73,true
corridor_ff_1,room_ff_3,26.73,true
room_ff_4,corridor_ff_2,11.64,true
corridor_ff_2,room_ff_4,11.64,true
room_ff_4,corridor_ff_3,18.01,true
corridor_ff_3,room_ff_4,18.01,true
room_ff_5,corridor_ff_3,18.98,true
corridor_ff_3,room_ff_5,18.98,true
room_ff_5,corridor_ff_4,25.59,true
corridor_ff_4,room_ff_5,25.59,true
room_ff_6,corridor_ff_4,10.49,true
corridor_ff_4,room_ff_6,10.49,true
room_ff_6,corridor_ff_3,15.56,true
corridor_ff_3,room_ff_6,15.56,true
room_ff_7,corridor_ff_4,11.57,true
corridor_ff_4,room_ff_7,11.57,true
room_ff_7,corridor_ff_3,28.44,true
corridor_ff_3,room_ff_7,28.44,true
room_ff_8,corridor_ff_4,17.47,true
corridor_ff_4,room_ff_8,17.47,true
room_ff_8,corridor_ff_5,19.89,true
corridor_ff_5,room_ff_8,19.89,true
room_ff_9,corridor_ff_4,18.10,true
corridor_ff_4,room_ff_9,18.10,true
room_ff_9,corridor_ff_5,21.02,true
corridor_ff_5,room_ff_9,21.02,true
room_ff_10,corridor_ff_11,7.40,true
corridor_ff_11,room_ff_10,7.40,true
room_ff_10,corridor_ff_5,8.25,true
corridor_ff_5,room_ff_10,8.25,true
room_ff_11,corridor_ff_1,16.36,true
corridor_ff_1,room_ff_11,16.36,true
room_ff_11,corridor_ff_2,51.06,true
corridor_ff_2,room_ff_11,51.06,true
room_ff_12,corridor_ff_3,11.54,true
corridor_ff_3,room_ff_12,11.54,true
room_ff_12,corridor_ff_2,16.16,true
corridor_ff_2,room_ff_12,16.16,true
room_ff_13,corridor_ff_7,18.07,true
corridor_ff_7,room_ff_13,18.07,true
room_ff_13,corridor_ff_6,53.08,true
corridor_ff_6,room_ff_13,53.08,true
room_ff_14,corridor_ff_7,32.88,true
corridor_ff_7,room_ff_14,32.88,true
room_ff_14,corridor_ff_9,56.97,true
corridor_ff_9,room_ff_14,56.97,true
room_ff_15,corridor_ff_8,44.92,true
corridor_ff_8,room_ff_15,44.92,true
room_ff_15,corridor_ff_7,54.11,true
corridor_ff_7,room_ff_15,54.11,true
room_ff_16,corridor_ff_8,21.45,true
corridor_ff_8,room_ff_16,21.45,true
room_ff_16,corridor_ff_10,54.24,true
corridor_ff_10,room_ff_16,54.24,true
room_ff_17,corridor_ff_9,9.42,true
corridor_ff_9,room_ff_17,9.42,true
room_ff_17,corridor_ff_14,45.98,true
corridor_ff_14,room_ff_17,45.98,true
room_ff_18,corridor_ff_9,11.71,true
corridor_ff_9,room_ff_18,11.71,true
room_ff_18,corridor_ff_14,28.00,true
corridor_ff_14,room_ff_18,28.00,true
room_ff_19,corridor_ff_10,20.01,true
corridor_ff_10,room_ff_19,20.01,true
room_ff_19,corridor_ff_9,28.48,true
corridor_ff_9,room_ff_19,28.48,true
room_ff_20,corridor_ff_14,7.88,true
corridor_ff_14,room_ff_20,7.88,true
room_ff_20,corridor_ff_13,30.68,true
corridor_ff_13,room_ff_20,30.68,true
room_ff_21,corridor_ff_14,7.23,true
corridor_ff_14,room_ff_21,7.23,true
room_ff_21,corridor_ff_9,30.10,true
corridor_ff_9,room_ff_21,30.10,true
room_ff_22,corridor_ff_9,15.58,true
corridor_ff_9,room_ff_22,15.58,true
room_ff_22,corridor_ff_15,30.65,true
corridor_ff_15,room_ff_22,30.65,true
room_ff_23,corridor_ff_15,11.55,true
corridor_ff_15,room_ff_23,11.55,true
room_ff_23,corridor_ff_14,26.50,true
corridor_ff_14,room_ff_23,26.50,true
room_ff_24,corridor_ff_15,6.66,true
corridor_ff_15,room_ff_24,6.66,true
room_ff_24,corridor_ff_12,16.98,true
corridor_ff_12,room_ff_24,16.98,true
room_ff_25,corridor_ff_13,9.04,true
corridor_ff_13,room_ff_25,9.04,true
room_ff_25,corridor_ff_14,28.45,true
corridor_ff_14,room_ff_25,28.45,true
room_ff_26,corridor_ff_12,10.51,true
corridor_ff_12,room_ff_26,10.51,true
room_ff_26,corridor_ff_15,12.39,true
corridor_ff_15,room_ff_26,12.39,true
room_ff_28,corridor_ff_16,7.63,true
corridor_ff_16,room_ff_28,7.63,true
room_ff_28,corridor_ff_12,27.73,true
corridor_ff_12,room_ff_28,27.73,true
room_ff_27,corridor_ff_17,9.17,true
corridor_ff_17,room_ff_27,9.17,true
room_ff_27,corridor_ff_18,16.10,true
corridor_ff_18,room_ff_27,16.10,true
room_ff_29,corridor_ff_17,9.29,true
corridor_ff_17,room_ff_29,9.29,true
room_ff_29,corridor_ff_10,11.09,true
corridor_ff_10,room_ff_29,11.09,true
room_ff_30,corridor_ff_18,11.50,true
corridor_ff_18,room_ff_30,11.50,true
room_ff_30,corridor_ff_19,17.29,true
corridor_ff_19,room_ff_30,17.29,true
room_ff_31,corridor_ff_18,8.39,true
corridor_ff_18,room_ff_31,8.39,true
room_ff_31,corridor_ff_17,16.93,true
corridor_ff_17,room_ff_31,16.93,true
room_ff_32,corridor_ff_19,10.58,true
corridor_ff_19,room_ff_32,10.58,true
room_ff_32,corridor_ff_20,18.23,true
corridor_ff_20,room_ff_32,18.23,true
room_ff_33,corridor_ff_19,8.23,true
corridor_ff_19,room_ff_33,8.23,true
room_ff_33,corridor_ff_18,19.53,true
corridor_ff_18,room_ff_33,19.53,true
room_ff_34,corridor_ff_20,13.75,true
corridor_ff_20,room_ff_34,13.75,true
room_ff_34,corridor_ff_19,24.23,true
corridor_ff_19,room_ff_34,24.23,true
room_ff_35,corridor_ff_21,9.07,true
corridor_ff_21,room_ff_35,9.07,true
room_ff_35,corridor_ff_20,20.15,true
corridor_ff_20,room_ff_35,20.15,true
room_ff_36,corridor_ff_21,8.53,true
corridor_ff_21,room_ff_36,8.53,true
room_ff_36,corridor_ff_22,17.81,true
corridor_ff_22,room_ff_36,17.81,true
room_ff_37,corridor_ff_22,11.11,true
corridor_ff_22,room_ff_37,11.11,true
room_ff_37,corridor_ff_23,19.18,true
corridor_ff_23,room_ff_37,19.18,true
room_ff_38,corridor_ff_22,6.53,true
corridor_ff_22,room_ff_38,6.53,true
room_ff_38,corridor_ff_21,19.44,true
corridor_ff_21,room_ff_38,19.44,true
room_ff_39,corridor_ff_23,9.57,true
corridor_ff_23,room_ff_39,9.57,true
room_ff_39,corridor_ff_22,30.63,true
corridor_ff_22,room_ff_39,30.63,true
room_ff_40,corridor_ff_20,12.29,true
corridor_ff_20,room_ff_40,12.29,true
room_ff_40,corridor_ff_21,18.20,true
corridor_ff_21,room_ff_40,18.20,true
room_ff_43,corridor_ff_29,9.79,true
corridor_ff_29,room_ff_43,9.79,true
room_ff_43,corridor_ff_26,20.84,true
corridor_ff_26,room_ff_43,20.84,true
room_ff_41,corridor_ff_29,10.04,true
corridor_ff_29,room_ff_41,10.04,true
room_ff_41,corridor_ff_26,16.97,true
corridor_ff_26,room_ff_41,16.97,true
room_ff_42,corridor_ff_26,9.54,true
corridor_ff_26,room_ff_42,9.54,true
room_ff_42,corridor_ff_29,19.22,true
corridor_ff_29,room_ff_42,19.22,true
room_ff_44,corridor_ff_26,8.43,true
corridor_ff_26,room_ff_44,8.43,true
room_ff_44,corridor_ff_27,17.30,true
corridor_ff_27,room_ff_44,17.30,true
room_ff_45,corridor_ff_27,9.16,true
corridor_ff_27,room_ff_45,9.16,true
room_ff_45,corridor_ff_26,19.55,true
corridor_ff_26,room_ff_45,19.55,true
room_ff_46,corridor_ff_27,7.76,true
corridor_ff_27,room_ff_46,7.76,true
room_ff_46,corridor_ff_26,18.48,true
corridor_ff_26,room_ff_46,18.48,true
room_ff_47,corridor_ff_30,7.58,true
corridor_ff_30,room_ff_47,7.58,true
room_ff_47,corridor_ff_31,18.56,true
corridor_ff_31,room_ff_47,18.56,true
room_ff_48,corridor_ff_30,6.39,true
corridor_ff_30,room_ff_48,6.39,true
room_ff_48,corridor_ff_31,18.87,true
corridor_ff_31,room_ff_48,18.87,true
room_ff_49,corridor_ff_31,11.74,true
corridor_ff_31,room_ff_49,11.74,true
room_ff_49,corridor_ff_30,13.45,true
corridor_ff_30,room_ff_49,13.45,true
room_ff_50,corridor_ff_30,12.42,true
corridor_ff_30,room_ff_50,12.42,true
room_ff_50,corridor_ff_31,13.03,true
corridor_ff_31,room_ff_50,13.03,true
room_ff_51,corridor_ff_31,20.13,true
corridor_ff_31,room_ff_51,20.13,true
room_ff_51,corridor_ff_30,38.83,true
corridor_ff_30,room_ff_51,38.83,true
room_ff_52,corridor_ff_25,31.81,true
corridor_ff_25,room_ff_52,31.81,true
room_ff_52,corridor_ff_24,36.23,true
corridor_ff_24,room_ff_52,36.23,true
room_ff_53,corridor_ff_35,30.65,true
corridor_ff_35,room_ff_53,30.65,true
room_ff_53,corridor_ff_34,37.08,true
corridor_ff_34,room_ff_53,37.08,true
room_ff_54,corridor_ff_33,44.89,true
corridor_ff_33,room_ff_54,44.89,true
room_ff_54,corridor_ff_32,45.25,true
corridor_ff_32,room_ff_54,45.25,true
room_ff_55,corridor_ff_28,14.89,true
corridor_ff_28,room_ff_55,14.89,true
room_ff_55,corridor_ff_30,24.14,true
corridor_ff_30,room_ff_55,24.14,true
room_ff_100,corridor_ff_34,12.82,true
corridor_ff_34,room_ff_100,12.82,true
room_ff_100,corridor_ff_35,13.80,true
corridor_ff_35,room_ff_100,13.80,true
room_ff_56,corridor_ff_36,5.47,true
corridor_ff_36,room_ff_56,5.47,true
room_ff_56,corridor_ff_37,12.08,true
corridor_ff_37,room_ff_56,12.08,true
room_ff_57,corridor_ff_37,6.16,true
corridor_ff_37,room_ff_57,6.16,true
room_ff_57,corridor_ff_36,9.20,true
corridor_ff_36,room_ff_57,9.20,true
room_ff_58,corridor_ff_38,6.32,true
corridor_ff_38,room_ff_58,6.32,true
room_ff_58,corridor_ff_39,20.38,true
corridor_ff_39,room_ff_58,20.38,true
room_ff_59,corridor_ff_36,8.15,true
corridor_ff_36,room_ff_59,8.15,true
room_ff_59,corridor_ff_37,12.75,true
corridor_ff_37,room_ff_59,12.75,true
room_ff_60,corridor_ff_36,15.10,true
corridor_ff_36,room_ff_60,15.10,true
room_ff_60,corridor_ff_37,17.32,true
corridor_ff_37,room_ff_60,17.32,true
room_ff_61,corridor_ff_37,8.82,true
corridor_ff_37,room_ff_61,8.82,true
room_ff_61,corridor_ff_36,12.87,true
corridor_ff_36,room_ff_61,12.87,true
room_ff_62,corridor_ff_40,8.81,true
corridor_ff_40,room_ff_62,8.81,true
room_ff_62,corridor_ff_43,27.92,true
corridor_ff_43,room_ff_62,27.92,true
room_ff_63,corridor_ff_41,7.57,true
corridor_ff_41,room_ff_63,7.57,true
room_ff_63,corridor_ff_42,26.97,true
corridor_ff_42,room_ff_63,26.97,true
room_ff_64,corridor_ff_40,8.65,true
corridor_ff_40,room_ff_64,8.65,true
room_ff_64,corridor_ff_43,14.59,true
corridor_ff_43,room_ff_64,14.59,true
room_ff_65,corridor_ff_41,7.70,true
corridor_ff_41,room_ff_65,7.70,true
room_ff_65,corridor_ff_42,27.56,true
corridor_ff_42,room_ff_65,27.56,true
room_ff_66,corridor_ff_42,8.08,true
corridor_ff_42,room_ff_66,8.08,true
room_ff_66,corridor_ff_41,26.81,true
corridor_ff_41,room_ff_66,26.81,true
room_ff_67,corridor_ff_42,7.39,true
corridor_ff_42,room_ff_67,7.39,true
room_ff_67,corridor_ff_41,26.15,true
corridor_ff_41,room_ff_67,26.15,true
room_ff_68,corridor_ff_39,9.16,true
corridor_ff_39,room_ff_68,9.16,true
room_ff_68,corridor_ff_38,16.22,true
corridor_ff_38,room_ff_68,16.22,true
room_ff_69,corridor_ff_40,9.80,true
corridor_ff_40,room_ff_69,9.80,true
room_ff_69,corridor_ff_39,21.64,true
corridor_ff_39,room_ff_69,21.64,true
room_ff_70,corridor_ff_47,11.86,true
corridor_ff_47,room_ff_70,11.86,true
room_ff_70,corridor_ff_46,20.76,true
corridor_ff_46,room_ff_70,20.76,true
room_ff_71,corridor_ff_49,6.15,true
corridor_ff_49,room_ff_71,6.15,true
room_ff_71,corridor_ff_48,19.11,true
corridor_ff_48,room_ff_71,19.11,true
room_ff_72,corridor_ff_48,8.25,true
corridor_ff_48,room_ff_72,8.25,true
room_ff_72,corridor_ff_49,20.47,true
corridor_ff_49,room_ff_72,20.47,true
room_ff_73,corridor_ff_48,7.35,true
corridor_ff_48,room_ff_73,7.35,true
room_ff_73,corridor_ff_49,27.86,true
corridor_ff_49,room_ff_73,27.86,true
room_ff_74,corridor_ff_47,14.76,true
corridor_ff_47,room_ff_74,14.76,true
room_ff_74,corridor_ff_50,24.75,true
corridor_ff_50,room_ff_74,24.75,true
room_ff_75,corridor_ff_50,6.90,true
corridor_ff_50,room_ff_75,6.90,true
room_ff_75,corridor_ff_47,20.36,true
corridor_ff_47,room_ff_75,20.36,true
room_ff_76,corridor_ff_51,7.50,true
corridor_ff_51,room_ff_76,7.50,true
room_ff_76,corridor_ff_50,23.89,true
corridor_ff_50,room_ff_76,23.89,true
room_ff_77,corridor_ff_52,7.91,true
corridor_ff_52,room_ff_77,7.91,true
room_ff_77,corridor_ff_53,27.60,true
corridor_ff_53,room_ff_77,27.60,true
room_ff_78,corridor_ff_53,7.96,true
corridor_ff_53,room_ff_78,7.96,true
room_ff_78,corridor_ff_54,24.72,true
corridor_ff_54,room_ff_78,24.72,true
room_ff_79,corridor_ff_51,12.99,true
corridor_ff_51,room_ff_79,12.99,true
room_ff_79,corridor_ff_50,15.21,true
corridor_ff_50,room_ff_79,15.21,true
room_ff_80,corridor_ff_51,13.20,true
corridor_ff_51,room_ff_80,13.20,true
room_ff_80,corridor_ff_52,26.43,true
corridor_ff_52,room_ff_80,26.43,true
room_ff_81,corridor_ff_52,7.39,true
corridor_ff_52,room_ff_81,7.39,true
room_ff_81,corridor_ff_53,33.18,true
corridor_ff_53,room_ff_81,33.18,true
room_ff_82,corridor_ff_53,8.43,true
corridor_ff_53,room_ff_82,8.43,true
room_ff_82,corridor_ff_54,24.47,true
corridor_ff_54,room_ff_82,24.47,true
room_ff_83,corridor_ff_53,7.73,true
corridor_ff_53,room_ff_83,7.73,true
room_ff_83,corridor_ff_54,17.09,true
corridor_ff_54,room_ff_83,17.09,true
room_ff_84,corridor_ff_53,8.31,true
corridor_ff_53,room_ff_84,8.31,true
room_ff_84,corridor_ff_54,18.83,true
corridor_ff_54,room_ff_84,18.83,true
room_ff_85,corridor_ff_61,6.90,true
corridor_ff_61,room_ff_85,6.90,true
room_ff_85,corridor_ff_55,16.85,true
corridor_ff_55,room_ff_85,16.85,true
room_ff_86,corridor_ff_61,9.96,true
corridor_ff_61,room_ff_86,9.96,true
room_ff_86,corridor_ff_55,12.26,true
corridor_ff_55,room_ff_86,12.26,true
room_ff_87,corridor_ff_62,6.73,true
corridor_ff_62,room_ff_87,6.73,true
room_ff_87,corridor_ff_63,20.81,true
corridor_ff_63,room_ff_87,20.81,true
room_ff_88,corridor_ff_62,7.62,true
corridor_ff_62,room_ff_88,7.62,true
room_ff_88,corridor_ff_63,21.59,true
corridor_ff_63,room_ff_88,21.59,true
room_ff_89,corridor_ff_63,6.21,true
corridor_ff_63,room_ff_89,6.21,true
room_ff_89,corridor_ff_64,23.07,true
corridor_ff_64,room_ff_89,23.07,true
room_ff_90,corridor_ff_63,5.88,true
corridor_ff_63,room_ff_90,5.88,true
room_ff_90,corridor_ff_62,23.13,true
corridor_ff_62,room_ff_90,23.13,true
room_ff_91,corridor_ff_64,6.66,true
corridor_ff_64,room_ff_91,6.66,true
room_ff_91,corridor_ff_65,9.22,true
corridor_ff_65,room_ff_91,9.22,true
room_ff_92,corridor_ff_64,6.46,true
corridor_ff_64,room_ff_92,6.46,true
room_ff_92,corridor_ff_65,9.87,true
corridor_ff_65,room_ff_92,9.87,true
room_ff_93,corridor_ff_65,6.61,true
corridor_ff_65,room_ff_93,6.61,true
room_ff_93,corridor_ff_64,10.64,true
corridor_ff_64,room_ff_93,10.64,true
room_ff_94,corridor_ff_65,6.45,true
corridor_ff_65,room_ff_94,6.45,true
room_ff_94,corridor_ff_64,9.80,true
corridor_ff_64,room_ff_94,9.80,true
room_ff_95,corridor_ff_66,8.43,true
corridor_ff_66,room_ff_95,8.43,true
room_ff_95,corridor_ff_67,9.65,true
corridor_ff_67,room_ff_95,9.65,true
room_ff_96,corridor_ff_66,5.69,true
corridor_ff_66,room_ff_96,5.69,true
room_ff_96,corridor_ff_67,7.67,true
corridor_ff_67,room_ff_96,7.67,true
room_ff_97,corridor_ff_67,6.94,true
corridor_ff_67,room_ff_97,6.94,true
room_ff_97,corridor_ff_66,11.44,true
corridor_ff_66,room_ff_97,11.44,true
room_ff_98,corridor_ff_67,9.74,true
corridor_ff_67,room_ff_98,9.74,true
room_ff_98,corridor_ff_66,15.04,true
corridor_ff_66,room_ff_98,15.04,true
room_ff_99,corridor_ff_68,9.94,true
corridor_ff_68,room_ff_99,9.94,true
room_ff_99,corridor_ff_67,27.18,true
corridor_ff_67,room_ff_99,27.18,true
room_ff_150,corridor_ff_60,14.47,true
corridor_ff_60,room_ff_150,14.47,true
room_ff_150,corridor_ff_66,27.23,true
corridor_ff_66,room_ff_150,27.23,true
corridor_ff_1,corridor_ff_2,35.20,true
corridor_ff_2,corridor_ff_1,35.20,true
corridor_ff_1,corridor_ff_3,57.35,true
corridor_ff_3,corridor_ff_1,57.35,true
corridor_ff_2,corridor_ff_3,22.32,true
corridor_ff_3,corridor_ff_2,22.32,true
corridor_ff_3,corridor_ff_4,20.91,true
corridor_ff_4,corridor_ff_3,20.91,true
corridor_ff_4,corridor_ff_5,34.71,true
corridor_ff_5,corridor_ff_4,34.71,true
corridor_ff_5,corridor_ff_11,2.97,true
corridor_ff_11,corridor_ff_5,2.97,true
corridor_ff_5,corridor_ff_6,24.90,true
corridor_ff_6,corridor_ff_5,24.90,true
corridor_ff_6,corridor_ff_11,21.94,true
corridor_ff_11,corridor_ff_6,21.94,true
corridor_ff_7,corridor_ff_6,35.66,true
corridor_ff_6,corridor_ff_7,35.66,true
corridor_ff_7,corridor_ff_11,43.02,true
corridor_ff_11,corridor_ff_7,43.02,true
corridor_ff_8,corridor_ff_10,35.23,true
corridor_ff_10,corridor_ff_8,35.23,true
corridor_ff_8,corridor_ff_17,39.53,true
corridor_ff_17,corridor_ff_8,39.53,true
corridor_ff_9,corridor_ff_14,36.77,true
corridor_ff_14,corridor_ff_9,36.77,true
corridor_ff_9,corridor_ff_15,43.50,true
corridor_ff_15,corridor_ff_9,43.50,true
corridor_ff_10,corridor_ff_17,16.65,true
corridor_ff_17,corridor_ff_10,16.65,true
corridor_ff_12,corridor_ff_15,18.46,true
corridor_ff_15,corridor_ff_12,18.46,true
corridor_ff_12,corridor_ff_16,27.36,true
corridor_ff_16,corridor_ff_12,27.36,true
corridor_ff_13,corridor_ff_14,34.45,true
corridor_ff_14,corridor_ff_13,34.45,true
corridor_ff_13,corridor_ff_6,37.37,true
corridor_ff_6,corridor_ff_13,37.37,true
corridor_ff_14,corridor_ff_15,34.32,true
corridor_ff_15,corridor_ff_14,34.32,true
corridor_ff_15,corridor_ff_16,32.21,true
corridor_ff_16,corridor_ff_15,32.21,true
corridor_ff_17,corridor_ff_18,19.75,true
corridor_ff_18,corridor_ff_17,19.75,true
corridor_ff_18,corridor_ff_19,22.97,true
corridor_ff_19,corridor_ff_18,22.97,true
corridor_ff_19,corridor_ff_20,24.40,true
corridor_ff_20,corridor_ff_19,24.40,true
corridor_ff_20,corridor_ff_21,21.79,true
corridor_ff_21,corridor_ff_20,21.79,true
corridor_ff_21,corridor_ff_22,20.10,true
corridor_ff_22,corridor_ff_21,20.10,true
corridor_ff_22,corridor_ff_23,26.09,true
corridor_ff_23,corridor_ff_22,26.09,true
corridor_ff_23,corridor_ff_21,46.05,true
corridor_ff_21,corridor_ff_23,46.05,true
corridor_ff_24,corridor_ff_25,12.52,true
corridor_ff_25,corridor_ff_24,12.52,true
corridor_ff_24,corridor_ff_29,25.05,true
corridor_ff_29,corridor_ff_24,25.05,true
corridor_ff_25,corridor_ff_29,28.12,true
corridor_ff_29,corridor_ff_25,28.12,true
corridor_ff_29,corridor_ff_26,21.94,true
corridor_ff_26,corridor_ff_29,21.94,true
corridor_ff_26,corridor_ff_27,22.97,true
corridor_ff_27,corridor_ff_26,22.97,true
corridor_ff_27,corridor_ff_28,21.99,true
corridor_ff_28,corridor_ff_27,21.99,true
corridor_ff_28,corridor_ff_56,20.09,true
corridor_ff_56,corridor_ff_28,20.09,true
corridor_ff_30,corridor_ff_31,19.85,true
corridor_ff_31,corridor_ff_30,19.85,true
corridor_ff_30,corridor_ff_28,29.05,true
corridor_ff_28,corridor_ff_30,29.05,true
corridor_ff_31,corridor_ff_56,48.43,true
corridor_ff_56,corridor_ff_31,48.43,true
corridor_ff_32,corridor_ff_25,29.63,true
corridor_ff_25,corridor_ff_32,29.63,true
corridor_ff_32,corridor_ff_24,42.10,true
corridor_ff_24,corridor_ff_32,42.10,true
corridor_ff_33,corridor_ff_35,29.55,true
corridor_ff_35,corridor_ff_33,29.55,true
corridor_ff_33,corridor_ff_34,43.00,true
corridor_ff_34,corridor_ff_33,43.00,true
corridor_ff_34,corridor_ff_35,13.48,true
corridor_ff_35,corridor_ff_34,13.48,true
corridor_ff_34,corridor_ff_36,31.49,true
corridor_ff_36,corridor_ff_34,31.49,true
corridor_ff_36,corridor_ff_37,9.70,true
corridor_ff_37,corridor_ff_36,9.70,true
corridor_ff_36,corridor_ff_38,30.88,true
corridor_ff_38,corridor_ff_36,30.88,true
corridor_ff_37,corridor_ff_38,21.18,true
corridor_ff_38,corridor_ff_37,21.18,true
corridor_ff_38,corridor_ff_39,20.08,true
corridor_ff_39,corridor_ff_38,20.08,true
corridor_ff_39,corridor_ff_43,15.83,true
corridor_ff_43,corridor_ff_39,15.83,true
corridor_ff_40,corridor_ff_43,19.12,true
corridor_ff_43,corridor_ff_40,19.12,true
corridor_ff_40,corridor_ff_39,22.23,true
corridor_ff_39,corridor_ff_40,22.23,true
corridor_ff_41,corridor_ff_42,25.63,true
corridor_ff_42,corridor_ff_41,25.63,true
corridor_ff_41,corridor_ff_40,40.93,true
corridor_ff_40,corridor_ff_41,40.93,true
corridor_ff_42,corridor_ff_40,66.54,true
corridor_ff_40,corridor_ff_42,66.54,true
corridor_ff_44,corridor_ff_45,48.90,true
corridor_ff_45,corridor_ff_44,48.90,true
corridor_ff_44,corridor_ff_43,49.46,true
corridor_ff_43,corridor_ff_44,49.46,true
corridor_ff_45,corridor_ff_46,39.61,true
corridor_ff_46,corridor_ff_45,39.61,true
corridor_ff_46,corridor_ff_47,22.53,true
corridor_ff_47,corridor_ff_46,22.53,true
corridor_ff_46,corridor_ff_50,26.08,true
corridor_ff_50,corridor_ff_46,26.08,true
corridor_ff_47,corridor_ff_50,15.93,true
corridor_ff_50,corridor_ff_47,15.93,true
corridor_ff_48,corridor_ff_49,22.95,true
corridor_ff_49,corridor_ff_48,22.95,true
corridor_ff_48,corridor_ff_47,31.59,true
corridor_ff_47,corridor_ff_48,31.59,true
corridor_ff_49,corridor_ff_47,54.01,true
corridor_ff_47,corridor_ff_49,54.01,true
corridor_ff_50,corridor_ff_51,23.50,true
corridor_ff_51,corridor_ff_50,23.50,true
corridor_ff_51,corridor_ff_52,35.63,true
corridor_ff_52,corridor_ff_51,35.63,true
corridor_ff_52,corridor_ff_53,29.94,true
corridor_ff_53,corridor_ff_52,29.94,true
corridor_ff_53,corridor_ff_54,20.04,true
corridor_ff_54,corridor_ff_53,20.04,true
corridor_ff_54,corridor_ff_55,33.81,true
corridor_ff_55,corridor_ff_54,33.81,true
corridor_ff_55,corridor_ff_61,14.00,true
corridor_ff_61,corridor_ff_55,14.00,true
corridor_ff_56,corridor_ff_27,28.61,true
corridor_ff_27,corridor_ff_56,28.61,true
corridor_ff_57,corridor_ff_56,40.40,true
corridor_ff_56,corridor_ff_57,40.40,true
corridor_ff_57,corridor_ff_58,47.49,true
corridor_ff_58,corridor_ff_57,47.49,true
corridor_ff_58,corridor_ff_59,40.34,true
corridor_ff_59,corridor_ff_58,40.34,true
corridor_ff_59,corridor_ff_60,24.29,true
corridor_ff_60,corridor_ff_59,24.29,true
corridor_ff_59,corridor_ff_66,35.04,true
corridor_ff_66,corridor_ff_59,35.04,true
corridor_ff_60,corridor_ff_66,28.38,true
corridor_ff_66,corridor_ff_60,28.38,true
corridor_ff_61,corridor_ff_62,25.85,true
corridor_ff_62,corridor_ff_61,25.85,true
corridor_ff_62,corridor_ff_63,20.39,true
corridor_ff_63,corridor_ff_62,20.39,true
corridor_ff_63,corridor_ff_64,24.52,true
corridor_ff_64,corridor_ff_63,24.52,true
corridor_ff_64,corridor_ff_65,7.61,true
corridor_ff_65,corridor_ff_64,7.61,true
corridor_ff_65,corridor_ff_60,30.41,true
corridor_ff_60,corridor_ff_65,30.41,true
corridor_ff_66,corridor_ff_67,7.51,true
corridor_ff_67,corridor_ff_66,7.51,true
corridor_ff_66,corridor_ff_68,27.46,true
corridor_ff_68,corridor_ff_66,27.46,true
corridor_ff_67,corridor_ff_68,20.04,true
corridor_ff_68,corridor_ff_67,20.04,true
stair_ff_2,corridor_ff_13,16.86,true
corridor_ff_13,stair_ff_2,16.86,true
stair_ff_1,corridor_ff_3,8.03,true
corridor_ff_3,stair_ff_1,8.03,true
stair_ff_7,corridor_ff_20,11.47,true
corridor_ff_20,stair_ff_7,11.47,true
stair_ff_9,corridor_ff_42,9.46,true
corridor_ff_42,stair_ff_9,9.46,true
stair_ff_8,corridor_ff_39,9.41,true
corridor_ff_39,stair_ff_8,9.41,true
stair_ff_13,corridor_ff_50,9.29,true
corridor_ff_50,stair_ff_13,9.29,true
stair_ff_14,corridor_ff_49,4.90,true
corridor_ff_49,stair_ff_14,4.90,true
stair_ff_18,corridor_ff_23,11.65,true
corridor_ff_23,stair_ff_18,11.65,true
stair_ff_6,corridor_ff_16,17.98,true
corridor_ff_16,stair_ff_6,17.98,true
stair_ff_3,corridor_ff_25,8.40,true
corridor_ff_25,stair_ff_3,8.40,true
stair_ff_4,corridor_ff_35,6.48,true
corridor_ff_35,stair_ff_4,6.48,true
stair_ff_19,corridor_ff_1,12.02,true
corridor_ff_1,stair_ff_19,12.02,true
stair_ff_15,corridor_ff_7,6.60,true
corridor_ff_7,stair_ff_15,6.60,true
stair_ff_5,corridor_ff_13,19.26,true
corridor_ff_13,stair_ff_5,19.26,true
stair_ff_11,corridor_ff_28,9.85,true
corridor_ff_28,stair_ff_11,9.85,true
stair__ff_16,corridor_ff_31,11.08,true
corridor_ff_31,stair__ff_16,11.08,true
stair_ff_17,corridor_ff_68,6.20,true
corridor_ff_68,stair_ff_17,6.20,true
stair_ff_12,corridor_ff_60,10.95,true
corridor_ff_60,stair_ff_12,10.95,true
lift_ff,corridor_ff_13,31.34,true
corridor_ff_13,lift_ff,31.34,true
Room_SF_3,Corridor_SF_42,10.63,true
Corridor_SF_42,Room_SF_3,10.63,true
Room_SF_3,corridor_sf_12,22.19,true
corridor_sf_12,Room_SF_3,22.19,true
Room_SF_4,Corridor_SF_42,9.61,true
Corridor_SF_42,Room_SF_4,9.61,true
Room_SF_4,Corridor_SF_41,20.40,true
Corridor_SF_41,Room_SF_4,20.40,true
Room_SF_6,Corridor_SF_41,10.57,true
Corridor_SF_41,Room_SF_6,10.57,true
Room_SF_6,Corridor_SF_40,19.27,true
Corridor_SF_40,Room_SF_6,19.27,true
Room_SF_8,Corridor_SF_40,10.96,true
Corridor_SF_40,Room_SF_8,10.96,true
Room_SF_8,Corridor_SF_41,17.13,true
Corridor_SF_41,Room_SF_8,17.13,true
Room_SF_5,Corridor_SF_41,9.41,true
Corridor_SF_41,Room_SF_5,9.41,true
Room_SF_5,Corridor_SF_40,21.03,true
Corridor_SF_40,Room_SF_5,21.03,true
Room_SF_7,Corridor_SF_40,12.42,true
Corridor_SF_40,Room_SF_7,12.42,true
Room_SF_7,Corridor_SF_41,15.85,true
Corridor_SF_41,Room_SF_7,15.85,true
Room_SF_12,Corridor_SF_38,10.94,true
Corridor_SF_38,Room_SF_12,10.94,true
Room_SF_12,Corridor_SF_39,19.40,true
Corridor_SF_39,Room_SF_12,19.40,true
Room_SF_11,Corridor_SF_38,29.14,true
Corridor_SF_38,Room_SF_11,29.14,true
Room_SF_11,Corridor_SF_39,32.03,true
Corridor_SF_39,Room_SF_11,32.03,true
Room_SF_10,Corridor_SF_39,29.92,true
Corridor_SF_39,Room_SF_10,29.92,true
Room_SF_10,Corridor_SF_40,35.00,true
Corridor_SF_40,Room_SF_10,35.00,true
Room_SF_28,Corridor_SF_58,22.77,true
Corridor_SF_58,Room_SF_28,22.77,true
Room_SF_28,Corridor_SF_59,26.88,true
Corridor_SF_59,Room_SF_28,26.88,true
Room_SF_21,corridor_sf_9,10.70,true
corridor_sf_9,Room_SF_21,10.70,true
Room_SF_21,corridor_sf_50,23.06,true
corridor_sf_50,Room_SF_21,23.06,true
Room_SF_19,Corridor_SF_53,26.49,true
Corridor_SF_53,Room_SF_19,26.49,true
Room_SF_19,Corridor_SF_54,27.13,true
Corridor_SF_54,Room_SF_19,27.13,true
Room_SF_34,Corridor_SF_62,25.44,true
Corridor_SF_62,Room_SF_34,25.44,true
Room_SF_34,Corridor_SF_61,43.33,true
Corridor_SF_61,Room_SF_34,43.33,true
Room_SF_32,Corridor_SF_62,24.90,true
Corridor_SF_62,Room_SF_32,24.90,true
Room_SF_32,Corridor_SF_61,28.78,true
Corridor_SF_61,Room_SF_32,28.78,true
Room_SF_18,Corridor_SF_52,23.18,true
Corridor_SF_52,Room_SF_18,23.18,true
Room_SF_18,Corridor_SF_53,28.25,true
Corridor_SF_53,Room_SF_18,28.25,true
Room_SF_17,Corridor_SF_52,12.39,true
Corridor_SF_52,Room_SF_17,12.39,true
Room_SF_17,Corridor_SF_53,21.12,true
Corridor_SF_53,Room_SF_17,21.12,true
Room_SF_29,Corridor_SF_59,14.16,true
Corridor_SF_59,Room_SF_29,14.16,true
Room_SF_29,Corridor_SF_60,18.43,true
Corridor_SF_60,Room_SF_29,18.43,true
Room_SF_27,Corridor_SF_58,14.84,true
Corridor_SF_58,Room_SF_27,14.84,true
Room_SF_27,Corridor_SF_59,21.12,true
Corridor_SF_59,Room_SF_27,21.12,true
Room_SF_33,Corridor_SF_62,16.26,true
Corridor_SF_62,Room_SF_33,16.26,true
Room_SF_33,Corridor_SF_61,34.98,true
Corridor_SF_61,Room_SF_33,34.98,true
Room_SF_15,Corridor_SF_50,11.74,true
Corridor_SF_50,Room_SF_15,11.74,true
Room_SF_15,Corridor_SF_51,24.34,true
Corridor_SF_51,Room_SF_15,24.34,true
Room_SF_13,corridor_sf_53,10.23,true
corridor_sf_53,Room_SF_13,10.23,true
Room_SF_13,Corridor_SF_50,21.25,true
Corridor_SF_50,Room_SF_13,21.25,true
Room_SF_14,corridor_sf_53,25.21,true
corridor_sf_53,Room_SF_14,25.21,true
Room_SF_14,Corridor_SF_50,30.80,true
Corridor_SF_50,Room_SF_14,30.80,true
Room_SF_16,Corridor_SF_50,23.52,true
Corridor_SF_50,Room_SF_16,23.52,true
Room_SF_16,corridor_sf_53,33.59,true
corridor_sf_53,Room_SF_16,33.59,true
Room_SF_2,Corridor_SF_44,18.25,true
Corridor_SF_44,Room_SF_2,18.25,true
Room_SF_2,corridor_sf_1,31.45,true
corridor_sf_1,Room_SF_2,31.45,true
Room_SF_1,Corridor_SF_43,17.42,true
Corridor_SF_43,Room_SF_1,17.42,true
Room_SF_1,Corridor_SF_44,23.75,true
Corridor_SF_44,Room_SF_1,23.75,true
Room_SF_30,Corridor_SF_59,24.86,true
Corridor_SF_59,Room_SF_30,24.86,true
Room_SF_30,Corridor_SF_60,28.11,true
Corridor_SF_60,Room_SF_30,28.11,true
Room_SF_9,Corridor_SF_39,11.19,true
Corridor_SF_39,Room_SF_9,11.19,true
Room_SF_9,Corridor_SF_38,33.34,true
Corridor_SF_38,Room_SF_9,33.34,true
path31,Corridor_SF_53,14.39,true
Corridor_SF_53,path31,14.39,true
path31,Corridor_SF_54,18.25,true
Corridor_SF_54,path31,18.25,true
Room_SF_20,Corridor_SF_54,14.78,true
Corridor_SF_54,Room_SF_20,14.78,true
Room_SF_20,corridor_sf_50,15.94,true
corridor_sf_50,Room_SF_20,15.94,true
room_sf_60,Corridor_SF_55,17.16,true
Corridor_SF_55,room_sf_60,17.16,true
room_sf_60,corridor_sf_50,26.75,true
corridor_sf_50,room_sf_60,26.75,true
Room_SF_24,corridor_sf_3,10.68,true
corridor_sf_3,Room_SF_24,10.68,true
Room_SF_24,Corridor_SF_56,17.88,true
Corridor_SF_56,Room_SF_24,17.88,true
Room_SF_25,Corridor_SF_57,12.80,true
Corridor_SF_57,Room_SF_25,12.80,true
Room_SF_25,Corridor_SF_58,17.52,true
Corridor_SF_58,Room_SF_25,17.52,true
Room_SF_31,Corridor_SF_61,16.41,true
Corridor_SF_61,Room_SF_31,16.41,true
Room_SF_31,Corridor_SF_62,17.20,true
Corridor_SF_62,Room_SF_31,17.20,true
Room_SF_26,Corridor_SF_57,22.85,true
Corridor_SF_57,Room_SF_26,22.85,true
Room_SF_26,Corridor_SF_58,24.75,true
Corridor_SF_58,Room_SF_26,24.75,true
Room_SF_35,Corridor_SF_62,30.86,true
Corridor_SF_62,Room_SF_35,30.86,true
Room_SF_35,Corridor_SF_61,53.15,true
Corridor_SF_61,Room_SF_35,53.15,true
Room_SF_36,corridor_sf_6,8.22,true
corridor_sf_6,Room_SF_36,8.22,true
Room_SF_36,corridor_sf_5,20.66,true
corridor_sf_5,Room_SF_36,20.66,true
Room_SF_37,corridor_sf_10,13.21,true
corridor_sf_10,Room_SF_37,13.21,true
Room_SF_37,corridor_sf_9,31.98,true
corridor_sf_9,Room_SF_37,31.98,true
Room_SF_44,corridor_sf_1,17.13,true
corridor_sf_1,Room_SF_44,17.13,true
Room_SF_44,Corridor_SF_44,28.24,true
Corridor_SF_44,Room_SF_44,28.24,true
Room_SF_46,Corridor_SF_48,16.03,true
Corridor_SF_48,Room_SF_46,16.03,true
Room_SF_46,corridor_sf_51,40.96,true
corridor_sf_51,Room_SF_46,40.96,true
room_sf_24,corridor_sf_2,35.09,true
corridor_sf_2,room_sf_24,35.09,true
room_sf_24,Corridor_SF_55,39.50,true
Corridor_SF_55,room_sf_24,39.50,true
room_sf_25,corridor_sf_50,43.85,true
corridor_sf_50,room_sf_25,43.85,true
room_sf_25,Corridor_SF_55,44.96,true
Corridor_SF_55,room_sf_25,44.96,true
room_sf_26,corridor_sf_3,42.43,true
corridor_sf_3,room_sf_26,42.43,true
room_sf_26,Corridor_SF_57,44.01,true
Corridor_SF_57,room_sf_26,44.01,true
room_sf_27,Corridor_SF_60,11.58,true
Corridor_SF_60,room_sf_27,11.58,true
room_sf_27,Corridor_SF_59,18.24,true
Corridor_SF_59,room_sf_27,18.24,true
room_sf_28,corridor_sf_2,13.01,true
corridor_sf_2,room_sf_28,13.01,true
room_sf_28,Corridor_SF_55,34.59,true
Corridor_SF_55,room_sf_28,34.59,true
room_sf_29,corridor_sf_2,11.97,true
corridor_sf_2,room_sf_29,11.97,true
room_sf_29,Corridor_SF_56,32.21,true
Corridor_SF_56,room_sf_29,32.21,true
room_sf_30,Corridor_SF_60,15.10,true
Corridor_SF_60,room_sf_30,15.10,true
room_sf_30,Corridor_SF_61,18.21,true
Corridor_SF_61,room_sf_30,18.21,true
room_sf_31,Corridor_SF_51,12.42,true
Corridor_SF_51,room_sf_31,12.42,true
room_sf_31,Corridor_SF_50,19.46,true
Corridor_SF_50,room_sf_31,19.46,true
room_sf_32,Corridor_SF_51,11.62,true
Corridor_SF_51,room_sf_32,11.62,true
room_sf_32,Corridor_SF_52,18.27,true
Corridor_SF_52,room_sf_32,18.27,true
room_sf_33,corridor_sf_5,15.42,true
corridor_sf_5,room_sf_33,15.42,true
room_sf_33,corridor_sf_6,24.31,true
corridor_sf_6,room_sf_33,24.31,true
room_sf_34,Corridor_SF_44,19.14,true
Corridor_SF_44,room_sf_34,19.14,true
room_sf_34,corridor_sf_1,25.53,true
corridor_sf_1,room_sf_34,25.53,true
room_sf_35,corridor_sf_1,9.71,true
corridor_sf_1,room_sf_35,9.71,true
room_sf_35,corridor_sf_51,25.33,true
corridor_sf_51,room_sf_35,25.33,true
room_sf_37,Corridor_SF_43,20.76,true
Corridor_SF_43,room_sf_37,20.76,true
room_sf_37,Corridor_SF_44,23.15,true
Corridor_SF_44,room_sf_37,23.15,true
room_sf_38,Corridor_SF_43,14.13,true
Corridor_SF_43,room_sf_38,14.13,true
room_sf_38,Corridor_SF_44,33.11,true
Corridor_SF_44,room_sf_38,33.11,true
room_sf_39,Corridor_SF_43,10.81,true
Corridor_SF_43,room_sf_39,10.81,true
room_sf_39,Corridor_SF_44,31.26,true
Corridor_SF_44,room_sf_39,31.26,true
room_sf_40,corridor_sf_1,9.13,true
corridor_sf_1,room_sf_40,9.13,true
room_sf_40,corridor_sf_51,35.95,true
corridor_sf_51,room_sf_40,35.95,true
room_sf_41,corridor_sf_8,7.49,true
corridor_sf_8,room_sf_41,7.49,true
room_sf_41,corridor_sf_7,16.97,true
corridor_sf_7,room_sf_41,16.97,true
room_sf_42,corridor_sf_8,10.56,true
corridor_sf_8,room_sf_42,10.56,true
room_sf_42,corridor_sf_7,28.31,true
corridor_sf_7,room_sf_42,28.31,true
room_sf_43,corridor_sf_13,7.50,true
corridor_sf_13,room_sf_43,7.50,true
room_sf_43,corridor_sf_12,15.20,true
corridor_sf_12,room_sf_43,15.20,true
room_sf_44,corridor_sf_13,8.88,true
corridor_sf_13,room_sf_44,8.88,true
room_sf_44,corridor_sf_12,26.17,true
corridor_sf_12,room_sf_44,26.17,true
room_sf_45,Corridor_SF_39,21.02,true
Corridor_SF_39,room_sf_45,21.02,true
room_sf_45,Corridor_SF_40,33.65,true
Corridor_SF_40,room_sf_45,33.65,true
room_sf_46,Corridor_SF_40,16.16,true
Corridor_SF_40,room_sf_46,16.16,true
room_sf_46,Corridor_SF_39,32.01,true
Corridor_SF_39,room_sf_46,32.01,true
room_sf_48,Corridor_SF_56,7.04,true
Corridor_SF_56,room_sf_48,7.04,true
room_sf_48,corridor_sf_3,13.17,true
corridor_sf_3,room_sf_48,13.17,true
room_sf_49,Corridor_SF_55,5.74,true
Corridor_SF_55,room_sf_49,5.74,true
room_sf_49,corridor_sf_50,14.72,true
corridor_sf_50,room_sf_49,14.72,true
room_sf_50,corridor_sf_9,9.43,true
corridor_sf_9,room_sf_50,9.43,true
room_sf_50,Corridor_SF_55,20.19,true
Corridor_SF_55,room_sf_50,20.19,true
room_sf_51,corridor_sf_4,8.27,true
corridor_sf_4,room_sf_51,8.27,true
room_sf_51,Corridor_SF_56,20.10,true
Corridor_SF_56,room_sf_51,20.10,true
room_sf_56,Corridor_SF_48,12.55,true
Corridor_SF_48,room_sf_56,12.55,true
room_sf_56,corridor_sf_51,19.56,true
corridor_sf_51,room_sf_56,19.56,true
room_sf_57,corridor_sf_1,12.27,true
corridor_sf_1,room_sf_57,12.27,true
room_sf_57,corridor_sf_51,25.25,true
corridor_sf_51,room_sf_57,25.25,true
Corridor_SF_38,Corridor_SF_39,24.50,true
Corridor_SF_39,Corridor_SF_38,24.50,true
Corridor_SF_38,Corridor_SF_40,70.56,true
Corridor_SF_40,Corridor_SF_38,70.56,true
Corridor_SF_39,Corridor_SF_40,46.97,true
Corridor_SF_40,Corridor_SF_39,46.97,true
Corridor_SF_40,Corridor_SF_41,24.29,true
Corridor_SF_41,Corridor_SF_40,24.29,true
Corridor_SF_41,Corridor_SF_42,25.70,true
Corridor_SF_42,Corridor_SF_41,25.70,true
Corridor_SF_42,corridor_sf_12,27.42,true
corridor_sf_12,Corridor_SF_42,27.42,true
Corridor_SF_44,Corridor_SF_43,39.28,true
Corridor_SF_43,Corridor_SF_44,39.28,true
Corridor_SF_44,corridor_sf_1,43.52,true
corridor_sf_1,Corridor_SF_44,43.52,true
corridor_sf_51,Corridor_SF_48,26.47,true
Corridor_SF_48,corridor_sf_51,26.47,true
corridor_sf_51,corridor_sf_1,31.60,true
corridor_sf_1,corridor_sf_51,31.60,true
corridor_sf_53,Corridor_SF_50,19.51,true
Corridor_SF_50,corridor_sf_53,19.51,true
corridor_sf_53,Corridor_SF_51,45.29,true
Corridor_SF_51,corridor_sf_53,45.29,true
Corridor_SF_50,Corridor_SF_51,25.92,true
Corridor_SF_51,Corridor_SF_50,25.92,true
Corridor_SF_51,Corridor_SF_52,25.23,true
Corridor_SF_52,Corridor_SF_51,25.23,true
Corridor_SF_52,Corridor_SF_53,24.25,true
Corridor_SF_53,Corridor_SF_52,24.25,true
Corridor_SF_53,Corridor_SF_54,21.82,true
Corridor_SF_54,Corridor_SF_53,21.82,true
Corridor_SF_54,corridor_sf_50,20.06,true
corridor_sf_50,Corridor_SF_54,20.06,true
Corridor_SF_55,corridor_sf_50,11.03,true
corridor_sf_50,Corridor_SF_55,11.03,true
Corridor_SF_55,corridor_sf_9,22.50,true
corridor_sf_9,Corridor_SF_55,22.50,true
Corridor_SF_56,corridor_sf_3,14.86,true
corridor_sf_3,Corridor_SF_56,14.86,true
Corridor_SF_56,corridor_sf_4,24.15,true
corridor_sf_4,Corridor_SF_56,24.15,true
Corridor_SF_57,corridor_sf_3,17.20,true
corridor_sf_3,Corridor_SF_57,17.20,true
Corridor_SF_57,Corridor_SF_58,20.90,true
Corridor_SF_58,Corridor_SF_57,20.90,true
Corridor_SF_58,Corridor_SF_59,27.16,true
Corridor_SF_59,Corridor_SF_58,27.16,true
Corridor_SF_59,Corridor_SF_60,23.76,true
Corridor_SF_60,Corridor_SF_59,23.76,true
Corridor_SF_60,Corridor_SF_61,24.46,true
Corridor_SF_61,Corridor_SF_60,24.46,true
Corridor_SF_61,Corridor_SF_62,23.24,true
Corridor_SF_62,Corridor_SF_61,23.24,true
Corridor_SF_62,Corridor_SF_60,47.53,true
Corridor_SF_60,Corridor_SF_62,47.53,true
Corridor_SF_43,corridor_sf_7,26.83,true
corridor_sf_7,Corridor_SF_43,26.83,true
Corridor_SF_43,corridor_sf_8,32.63,true
corridor_sf_8,Corridor_SF_43,32.63,true
Corridor_SF_48,corridor_sf_1,58.06,true
corridor_sf_1,Corridor_SF_48,58.06,true
corridor_sf_2,Corridor_SF_56,32.55,true
Corridor_SF_56,corridor_sf_2,32.55,true
corridor_sf_2,Corridor_SF_55,39.77,true
Corridor_SF_55,corridor_sf_2,39.77,true
corridor_sf_4,corridor_sf_3,21.51,true
corridor_sf_3,corridor_sf_4,21.51,true
corridor_sf_5,corridor_sf_6,19.92,true
corridor_sf_6,corridor_sf_5,19.92,true
corridor_sf_5,corridor_sf_4,25.39,true
corridor_sf_4,corridor_sf_5,25.39,true
corridor_sf_6,corridor_sf_4,45.31,true
corridor_sf_4,corridor_sf_6,45.31,true
corridor_sf_7,corridor_sf_8,19.73,true
corridor_sf_8,corridor_sf_7,19.73,true
corridor_sf_50,corridor_sf_9,19.04,true
corridor_sf_9,corridor_sf_50,19.04,true
corridor_sf_10,corridor_sf_9,28.56,true
corridor_sf_9,corridor_sf_10,28.56,true
corridor_sf_10,corridor_sf_50,47.54,true
corridor_sf_50,corridor_sf_10,47.54,true
corridor_sf_12,corridor_sf_13,18.91,true
corridor_sf_13,corridor_sf_12,18.91,true
corridor_sf_13,Corridor_SF_42,35.31,true
Corridor_SF_42,corridor_sf_13,35.31,true
stair_sf_11,Corridor_SF_40,20.04,true
Corridor_SF_40,stair_sf_11,20.04,true
stair_sf_8,corridor_sf_1,17.72,true
corridor_sf_1,stair_sf_8,17.72,true
stair_sf_7,Corridor_SF_60,15.55,true
Corridor_SF_60,stair_sf_7,15.55,true
stair_sf_19,corridor_sf_53,30.44,true
corridor_sf_53,stair_sf_19,30.44,true
stair_sf_1,Corridor_SF_51,7.20,true
Corridor_SF_51,stair_sf_1,7.20,true
stair_sf_10,corridor_sf_50,43.48,true
corridor_sf_50,stair_sf_10,43.48,true
stair_sf_15,corridor_sf_3,42.96,true
corridor_sf_3,stair_sf_15,42.96,true
stair_sf_18,Corridor_SF_62,16.94,true
Corridor_SF_62,stair_sf_18,16.94,true
stair_sf_5,corridor_sf_10,17.13,true
corridor_sf_10,stair_sf_5,17.13,true
stair_sf_6,corridor_sf_6,17.05,true
corridor_sf_6,stair_sf_6,17.05,true
stair_sf_9,Corridor_SF_48,24.98,true
Corridor_SF_48,stair_sf_9,24.98,true
stair_sf_4,corridor_sf_8,8.89,true
corridor_sf_8,stair_sf_4,8.89,true
stair_sf_3,corridor_sf_13,8.29,true
corridor_sf_13,stair_sf_3,8.29,true
stair_sf_16,Corridor_SF_38,13.15,true
Corridor_SF_38,stair_sf_16,13.15,true
lift_sf,corridor_sf_10,21.84,true
corridor_sf_10,lift_sf,21.84,true
corridor_sf_11,corridor_sf_10,18.35,true
corridor_sf_10,corridor_sf_11,18.35,true
Room_TF_1,Corridor_TF_32,10.38,true
Corridor_TF_32,Room_TF_1,10.38,true
Room_TF_1,Corridor_TF_31,17.78,true
Corridor_TF_31,Room_TF_1,17.78,true
Room_TF_2,Corridor_TF_31,10.29,true
Corridor_TF_31,Room_TF_2,10.29,true
Room_TF_2,Corridor_TF_30,15.40,true
Corridor_TF_30,Room_TF_2,15.40,true
Room_TF_3,Corridor_TF_30,10.63,true
Corridor_TF_30,Room_TF_3,10.63,true
Room_TF_3,Corridor_TF_29,15.40,true
Corridor_TF_29,Room_TF_3,15.40,true
Room_TF_4,corridor_tf_1,8.90,true
corridor_tf_1,Room_TF_4,8.90,true
Room_TF_4,Corridor_TF_26,21.94,true
Corridor_TF_26,Room_TF_4,21.94,true
Room_TF_5,Corridor_TF_26,9.53,true
Corridor_TF_26,Room_TF_5,9.53,true
Room_TF_5,corridor_tf_1,32.66,true
corridor_tf_1,Room_TF_5,32.66,true
Room_TF_6,Corridor_TF_26,8.74,true
Corridor_TF_26,Room_TF_6,8.74,true
Room_TF_6,corridor_tf_1,21.34,true
corridor_tf_1,Room_TF_6,21.34,true
Room_TF_7,corridor_tf_1,7.64,true
corridor_tf_1,Room_TF_7,7.64,true
Room_TF_7,Corridor_TF_29,19.57,true
Corridor_TF_29,Room_TF_7,19.57,true
Room_TF_8,Corridor_TF_30,11.16,true
Corridor_TF_30,Room_TF_8,11.16,true
Room_TF_8,Corridor_TF_31,17.22,true
Corridor_TF_31,Room_TF_8,17.22,true
Room_TF_9,Corridor_TF_31,10.23,true
Corridor_TF_31,Room_TF_9,10.23,true
Room_TF_9,Corridor_TF_32,18.87,true
Corridor_TF_32,Room_TF_9,18.87,true
Room_TF_10,Corridor_TF_32,8.59,true
Corridor_TF_32,Room_TF_10,8.59,true
Room_TF_10,Corridor_TF_31,21.71,true
Corridor_TF_31,Room_TF_10,21.71,true
Room_TF_11,Corridor_TF_34,15.03,true
Corridor_TF_34,Room_TF_11,15.03,true
Room_TF_11,Corridor_TF_33,38.60,true
Corridor_TF_33,Room_TF_11,38.60,true
Room_TF_13,Corridor_TF_35,13.41,true
Corridor_TF_35,Room_TF_13,13.41,true
Room_TF_13,corridor_tf_2,16.89,true
corridor_tf_2,Room_TF_13,16.89,true
Room_TF_12,Corridor_TF_34,8.58,true
Corridor_TF_34,Room_TF_12,8.58,true
Room_TF_12,Corridor_TF_33,28.21,true
Corridor_TF_33,Room_TF_12,28.21,true
Room_TF_14,Corridor_TF_35,23.32,true
Corridor_TF_35,Room_TF_14,23.32,true
Room_TF_14,corridor_tf_2,25.29,true
corridor_tf_2,Room_TF_14,25.29,true
Room_TF_15,corridor_tf_2,10.41,true
corridor_tf_2,Room_TF_15,10.41,true
Room_TF_15,Corridor_TF_35,19.08,true
Corridor_TF_35,Room_TF_15,19.08,true
Room_TF_16,corridor_tf_2,9.02,true
corridor_tf_2,Room_TF_16,9.02,true
Room_TF_16,Corridor_TF_35,18.22,true
Corridor_TF_35,Room_TF_16,18.22,true
Room_TF_17,Corridor_TF_36,10.23,true
Corridor_TF_36,Room_TF_17,10.23,true
Room_TF_17,corridor_tf_2,19.51,true
corridor_tf_2,Room_TF_17,19.51,true
Room_TF_18,Corridor_TF_37,9.26,true
Corridor_TF_37,Room_TF_18,9.26,true
Room_TF_18,Corridor_TF_38,24.80,true
Corridor_TF_38,Room_TF_18,24.80,true
Room_TF_19,Corridor_TF_37,10.47,true
Corridor_TF_37,Room_TF_19,10.47,true
Room_TF_19,Corridor_TF_38,28.15,true
Corridor_TF_38,Room_TF_19,28.15,true
Room_TF_DP8,Corridor_TF_38,10.68,true
Corridor_TF_38,Room_TF_DP8,10.68,true
Room_TF_DP8,Corridor_TF_37,20.58,true
Corridor_TF_37,Room_TF_DP8,20.58,true
Room_TF_20,Corridor_TF_38,9.26,true
Corridor_TF_38,Room_TF_20,9.26,true
Room_TF_20,Corridor_TF_37,17.46,true
Corridor_TF_37,Room_TF_20,17.46,true
Room_TF_21,Corridor_TF_35,19.30,true
Corridor_TF_35,Room_TF_21,19.30,true
Room_TF_21,corridor_tf_2,40.03,true
corridor_tf_2,Room_TF_21,40.03,true
Room_TF_22,Corridor_TF_34,20.21,true
Corridor_TF_34,Room_TF_22,20.21,true
Room_TF_22,Corridor_TF_33,29.58,true
Corridor_TF_33,Room_TF_22,29.58,true
room_tf_1,Corridor_TF_37,15.16,true
Corridor_TF_37,room_tf_1,15.16,true
room_tf_1,Corridor_TF_36,32.91,true
Corridor_TF_36,room_tf_1,32.91,true
room_tf_2,Corridor_TF_36,15.83,true
Corridor_TF_36,room_tf_2,15.83,true
room_tf_2,Corridor_TF_37,26.46,true
Corridor_TF_37,room_tf_2,26.46,true
room_tf_3,Corridor_TF_29,10.39,true
Corridor_TF_29,room_tf_3,10.39,true
room_tf_3,Corridor_TF_30,17.08,true
Corridor_TF_30,room_tf_3,17.08,true
room_tf_5,Corridor_TF_29,10.39,true
Corridor_TF_29,room_tf_5,10.39,true
room_tf_5,corridor_tf_1,14.83,true
corridor_tf_1,room_tf_5,14.83,true
Corridor_TF_26,corridor_tf_1,24.69,true
corridor_tf_1,Corridor_TF_26,24.69,true
Corridor_TF_26,Corridor_TF_29,44.90,true
Corridor_TF_29,Corridor_TF_26,44.90,true
Corridor_TF_29,corridor_tf_1,20.22,true
corridor_tf_1,Corridor_TF_29,20.22,true
Corridor_TF_29,Corridor_TF_30,20.85,true
Corridor_TF_30,Corridor_TF_29,20.85,true
Corridor_TF_30,Corridor_TF_31,20.85,true
Corridor_TF_31,Corridor_TF_30,20.85,true
Corridor_TF_31,Corridor_TF_32,22.31,true
Corridor_TF_32,Corridor_TF_31,22.31,true
Corridor_TF_32,Corridor_TF_33,22.64,true
Corridor_TF_33,Corridor_TF_32,22.64,true
Corridor_TF_33,Corridor_TF_34,26.09,true
Corridor_TF_34,Corridor_TF_33,26.09,true
Corridor_TF_34,Corridor_TF_32,48.69,true
Corridor_TF_32,Corridor_TF_34,48.69,true
Corridor_TF_35,corridor_tf_2,21.82,true
corridor_tf_2,Corridor_TF_35,21.82,true
Corridor_TF_35,Corridor_TF_36,44.61,true
Corridor_TF_36,Corridor_TF_35,44.61,true
corridor_tf_2,Corridor_TF_36,22.79,true
Corridor_TF_36,corridor_tf_2,22.79,true
Corridor_TF_36,Corridor_TF_37,41.07,true
Corridor_TF_37,Corridor_TF_36,41.07,true
Corridor_TF_37,Corridor_TF_38,20.39,true
Corridor_TF_38,Corridor_TF_37,20.39,true
Corridor_TF_38,Corridor_TF_36,60.80,true
Corridor_TF_36,Corridor_TF_38,60.80,true
stair_tf_1,Corridor_TF_29,14.80,true
Corridor_TF_29,stair_tf_1,14.80,true
stair_tf_7,Corridor_TF_37,23.00,true
Corridor_TF_37,stair_tf_7,23.00,true
corridor_tf_3,Corridor_TF_37,20.71,true
Corridor_TF_37,corridor_tf_3,20.71,true
stair_tf_18,Corridor_TF_38,17.83,true
Corridor_TF_38,stair_tf_18,17.83,true
stair_tf_5,Corridor_TF_34,46.00,true
Corridor_TF_34,stair_tf_5,46.00,true
stair_tf_19,Corridor_TF_26,13.96,true
Corridor_TF_26,stair_tf_19,13.96,true
lift_tf,Corridor_TF_34,28.02,true
Corridor_TF_34,lift_tf,28.02,true
room_gf_151,corridor_gf_24,8.46,true
corridor_gf_24,room_gf_151,8.46,true
room_gf_151,corridor_gf_46,17.27,true
corridor_gf_46,room_gf_151,17.27,true
room_gf_152,corridor_gf_9,6.84,true
corridor_gf_9,room_gf_152,6.84,true
room_gf_152,corridor_gf_52,17.64,true
corridor_gf_52,room_gf_152,17.64,true
room_gf_153,corridor_gf_6,9.83,true
corridor_gf_6,room_gf_153,9.83,true
room_gf_153,corridor_gf_33,14.99,true
corridor_gf_33,room_gf_153,14.99,true
room_gf_158,corridor_gf_13,7.07,true
corridor_gf_13,room_gf_158,7.07,true
room_gf_158,corridor_gf_57,15.67,true
corridor_gf_57,room_gf_158,15.67,true
room_gf_159,corridor_gf_17,10.13,true
corridor_gf_17,room_gf_159,10.13,true
room_gf_159,corridor_gf_67,18.30,true
corridor_gf_67,room_gf_159,18.30,true
room_gf_1,corridor_gf_1,18.21,true
corridor_gf_1,room_gf_1,18.21,true
room_gf_1,corridor_gf_40,45.59,true
corridor_gf_40,room_gf_1,45.59,true
room_gf_2,corridor_gf_1,17.52,true
corridor_gf_1,room_gf_2,17.52,true
room_gf_2,corridor_gf_40,23.17,true
corridor_gf_40,room_gf_2,23.17,true
room_gf_3,corridor_gf_1,11.84,true
corridor_gf_1,room_gf_3,11.84,true
room_gf_3,corridor_gf_40,24.06,true
corridor_gf_40,room_gf_3,24.06,true
room_gf_4,corridor_gf_40,16.09,true
corridor_gf_40,room_gf_4,16.09,true
room_gf_4,corridor_gf_2,19.81,true
corridor_gf_2,room_gf_4,19.81,true
room_gf_5,corridor_gf_40,9.85,true
corridor_gf_40,room_gf_5,9.85,true
room_gf_5,corridor_gf_1,24.84,true
corridor_gf_1,room_gf_5,24.84,true
room_gf_6,corridor_gf_39,8.95,true
corridor_gf_39,room_gf_6,8.95,true
room_gf_6,corridor_gf_38,18.35,true
corridor_gf_38,room_gf_6,18.35,true
room_gf_7,corridor_gf_39,10.93,true
corridor_gf_39,room_gf_7,10.93,true
room_gf_7,corridor_gf_2,16.92,true
corridor_gf_2,room_gf_7,16.92,true
room_gf_8,corridor_gf_38,11.09,true
corridor_gf_38,room_gf_8,11.09,true
room_gf_8,corridor_gf_37,22.26,true
corridor_gf_37,room_gf_8,22.26,true
room_gf_9,corridor_gf_38,10.42,true
corridor_gf_38,room_gf_9,10.42,true
room_gf_9,corridor_gf_39,17.45,true
corridor_gf_39,room_gf_9,17.45,true
room_gf_10,corridor_gf_37,13.21,true
corridor_gf_37,room_gf_10,13.21,true
room_gf_10,corridor_gf_3,13.96,true
corridor_gf_3,room_gf_10,13.96,true
room_gf_11,corridor_gf_37,10.03,true
corridor_gf_37,room_gf_11,10.03,true
room_gf_11,corridor_gf_3,18.16,true
corridor_gf_3,room_gf_11,18.16,true
room_gf_12,corridor_gf_3,8.66,true
corridor_gf_3,room_gf_12,8.66,true
room_gf_12,corridor_gf_37,10.12,true
corridor_gf_37,room_gf_12,10.12,true
room_gf_13,corridor_gf_28,18.30,true
corridor_gf_28,room_gf_13,18.30,true
room_gf_13,corridor_gf_3,41.68,true
corridor_gf_3,room_gf_13,41.68,true
room_gf_14,corridor_gf_34,9.91,true
corridor_gf_34,room_gf_14,9.91,true
room_gf_14,corridor_gf_3,12.98,true
corridor_gf_3,room_gf_14,12.98,true
room_gf_15,corridor_gf_34,12.52,true
corridor_gf_34,room_gf_15,12.52,true
room_gf_15,corridor_gf_100,23.77,true
corridor_gf_100,room_gf_15,23.77,true
room_gf_16,corridor_gf_100,31.66,true
corridor_gf_100,room_gf_16,31.66,true
room_gf_16,corridor_gf_28,40.04,true
corridor_gf_28,room_gf_16,40.04,true
room_gf_17,corridor_gf_29,14.10,true
corridor_gf_29,room_gf_17,14.10,true
room_gf_17,corridor_gf_5,16.70,true
corridor_gf_5,room_gf_17,16.70,true
room_gf_18,corridor_gf_29,6.38,true
corridor_gf_29,room_gf_18,6.38,true
room_gf_18,corridor_gf_5,17.92,true
corridor_gf_5,room_gf_18,17.92,true
room_gf_200,corridor_gf_29,15.31,true
corridor_gf_29,room_gf_200,15.31,true
room_gf_200,corridor_gf_5,24.08,true
corridor_gf_5,room_gf_200,24.08,true
room_gf_20,corridor_gf_29,11.30,true
corridor_gf_29,room_gf_20,11.30,true
room_gf_20,corridor_gf_5,11.33,true
corridor_gf_5,room_gf_20,11.33,true
room_gf_21,corridor_gf_30,8.86,true
corridor_gf_30,room_gf_21,8.86,true
room_gf_21,corridor_gf_31,17.29,true
corridor_gf_31,room_gf_21,17.29,true
room_gf_22,corridor_gf_30,11.55,true
corridor_gf_30,room_gf_22,11.55,true
room_gf_22,corridor_gf_5,14.64,true
corridor_gf_5,room_gf_22,14.64,true
room_gf_23,corridor_gf_29,28.89,true
corridor_gf_29,room_gf_23,28.89,true
room_gf_23,corridor_gf_5,41.24,true
corridor_gf_5,room_gf_23,41.24,true
room_gf_24,corridor_gf_31,13.22,true
corridor_gf_31,room_gf_24,13.22,true
room_gf_24,corridor_gf_30,20.56,true
corridor_gf_30,room_gf_24,20.56,true
room_gf_25,corridor_gf_31,12.55,true
corridor_gf_31,room_gf_25,12.55,true
room_gf_25,corridor_gf_30,19.02,true
corridor_gf_30,room_gf_25,19.02,true
room_gf_160,corridor_gf_32,12.10,true
corridor_gf_32,room_gf_160,12.10,true
room_gf_160,corridor_gf_31,23.92,true
corridor_gf_31,room_gf_160,23.92,true
room_gf_26,corridor_gf_32,12.71,true
corridor_gf_32,room_gf_26,12.71,true
room_gf_26,corridor_gf_31,23.27,true
corridor_gf_31,room_gf_26,23.27,true
room_gf_27,corridor_gf_33,12.78,true
corridor_gf_33,room_gf_27,12.78,true
room_gf_27,corridor_gf_6,19.94,true
corridor_gf_6,room_gf_27,19.94,true
room_gf_28,corridor_gf_33,13.60,true
corridor_gf_33,room_gf_28,13.60,true
room_gf_28,corridor_gf_6,23.48,true
corridor_gf_6,room_gf_28,23.48,true
room_gf_29,corridor_gf_7,13.88,true
corridor_gf_7,room_gf_29,13.88,true
room_gf_29,corridor_gf_33,21.95,true
corridor_gf_33,room_gf_29,21.95,true
room_gf_30,corridor_gf_7,15.94,true
corridor_gf_7,room_gf_30,15.94,true
room_gf_30,corridor_gf_33,23.83,true
corridor_gf_33,room_gf_30,23.83,true
room_gf_31,corridor_gf_7,16.28,true
corridor_gf_7,room_gf_31,16.28,true
room_gf_31,corridor_gf_33,42.79,true
corridor_gf_33,room_gf_31,42.79,true
room_gf_32,corridor_gf_100,14.61,true
corridor_gf_100,room_gf_32,14.61,true
room_gf_32,corridor_gf_5,36.54,true
corridor_gf_5,room_gf_32,36.54,true
room_gf_33,corridor_gf_100,19.78,true
corridor_gf_100,room_gf_33,19.78,true
room_gf_33,corridor_gf_5,28.06,true
corridor_gf_5,room_gf_33,28.06,true
room_gf_34,corridor_gf_27,37.35,true
corridor_gf_27,room_gf_34,37.35,true
room_gf_34,corridor_gf_41,39.12,true
corridor_gf_41,room_gf_34,39.12,true
room_gf_35,corridor_gf_43,10.35,true
corridor_gf_43,room_gf_35,10.35,true
room_gf_35,corridor_gf_44,18.76,true
corridor_gf_44,room_gf_35,18.76,true
room_gf_36,corridor_gf_44,10.50,true
corridor_gf_44,room_gf_36,10.50,true
room_gf_36,corridor_gf_43,21.81,true
corridor_gf_43,room_gf_36,21.81,true
room_gf_37,corridor_gf_45,11.82,true
corridor_gf_45,room_gf_37,11.82,true
room_gf_37,corridor_gf_44,22.30,true
corridor_gf_44,room_gf_37,22.30,true
room_gf_38,corridor_gf_43,11.22,true
corridor_gf_43,room_gf_38,11.22,true
room_gf_38,corridor_gf_44,21.54,true
corridor_gf_44,room_gf_38,21.54,true
room_gf_39,corridor_gf_44,11.11,true
corridor_gf_44,room_gf_39,11.11,true
room_gf_39,corridor_gf_43,22.21,true
corridor_gf_43,room_gf_39,22.21,true
room_gf_156,corridor_gf_45,9.07,true
corridor_gf_45,room_gf_156,9.07,true
room_gf_156,corridor_gf_44,19.74,true
corridor_gf_44,room_gf_156,19.74,true
room_gf_41,corridor_gf_46,10.05,true
corridor_gf_46,room_gf_41,10.05,true
room_gf_41,corridor_gf_47,19.52,true
corridor_gf_47,room_gf_41,19.52,true
room_gf_42,corridor_gf_46,9.06,true
corridor_gf_46,room_gf_42,9.06,true
room_gf_42,corridor_gf_24,18.94,true
corridor_gf_24,room_gf_42,18.94,true
room_gf_43,corridor_gf_47,10.56,true
corridor_gf_47,room_gf_43,10.56,true
room_gf_43,corridor_gf_46,20.29,true
corridor_gf_46,room_gf_43,20.29,true
room_gf_44,corridor_gf_47,12.98,true
corridor_gf_47,room_gf_44,12.98,true
room_gf_44,corridor_gf_46,16.77,true
corridor_gf_46,room_gf_44,16.77,true
room_gf_45,corridor_gf_23,14.89,true
corridor_gf_23,room_gf_45,14.89,true
room_gf_45,corridor_gf_47,20.90,true
corridor_gf_47,room_gf_45,20.90,true
room_gf_46,corridor_gf_20,10.28,true
corridor_gf_20,room_gf_46,10.28,true
room_gf_46,corridor_gf_23,29.08,true
corridor_gf_23,room_gf_46,29.08,true
room_gf_47,corridor_gf_20,15.69,true
corridor_gf_20,room_gf_47,15.69,true
room_gf_47,corridor_gf_19,33.96,true
corridor_gf_19,room_gf_47,33.96,true
room_gf_48,corridor_gf_19,19.74,true
corridor_gf_19,room_gf_48,19.74,true
room_gf_48,corridor_gf_20,30.44,true
corridor_gf_20,room_gf_48,30.44,true
room_gf_49,corridor_gf_19,9.53,true
corridor_gf_19,room_gf_49,9.53,true
room_gf_49,corridor_gf_18,27.03,true
corridor_gf_18,room_gf_49,27.03,true
room_gf_50,corridor_gf_68,12.49,true
corridor_gf_68,room_gf_50,12.49,true
room_gf_50,corridor_gf_19,19.18,true
corridor_gf_19,room_gf_50,19.18,true
room_gf_51,corridor_gf_18,12.61,true
corridor_gf_18,room_gf_51,12.61,true
room_gf_51,corridor_gf_68,18.91,true
corridor_gf_68,room_gf_51,18.91,true
room_gf_52,corridor_gf_68,10.42,true
corridor_gf_68,room_gf_52,10.42,true
room_gf_52,corridor_gf_67,15.64,true
corridor_gf_67,room_gf_52,15.64,true
room_gf_53,corridor_gf_67,11.29,true
corridor_gf_67,room_gf_53,11.29,true
room_gf_53,corridor_gf_17,21.49,true
corridor_gf_17,room_gf_53,21.49,true
room_gf_157,corridor_gf_67,9.50,true
corridor_gf_67,room_gf_157,9.50,true
room_gf_157,corridor_gf_68,20.66,true
corridor_gf_68,room_gf_157,20.66,true
room_gf_55,corridor_gf_66,9.67,true
corridor_gf_66,room_gf_55,9.67,true
room_gf_55,corridor_gf_65,22.20,true
corridor_gf_65,room_gf_55,22.20,true
room_gf_56,corridor_gf_66,9.96,true
corridor_gf_66,room_gf_56,9.96,true
room_gf_56,corridor_gf_65,20.63,true
corridor_gf_65,room_gf_56,20.63,true
room_gf_57,corridor_gf_65,8.59,true
corridor_gf_65,room_gf_57,8.59,true
room_gf_57,corridor_gf_66,21.38,true
corridor_gf_66,room_gf_57,21.38,true
room_gf_58,corridor_gf_65,9.25,true
corridor_gf_65,room_gf_58,9.25,true
room_gf_58,corridor_gf_66,20.14,true
corridor_gf_66,room_gf_58,20.14,true
room_gf_59,corridor_gf_64,10.91,true
corridor_gf_64,room_gf_59,10.91,true
room_gf_59,corridor_gf_15,14.14,true
corridor_gf_15,room_gf_59,14.14,true
room_gf_60,corridor_gf_64,11.88,true
corridor_gf_64,room_gf_60,11.88,true
room_gf_60,corridor_gf_15,18.70,true
corridor_gf_15,room_gf_60,18.70,true
room_gf_61,corridor_gf_63,11.02,true
corridor_gf_63,room_gf_61,11.02,true
room_gf_61,corridor_gf_16,24.49,true
corridor_gf_16,room_gf_61,24.49,true
room_gf_62,corridor_gf_63,28.05,true
corridor_gf_63,room_gf_62,28.05,true
room_gf_62,corridor_gf_16,32.35,true
corridor_gf_16,room_gf_62,32.35,true
room_gf_63,corridor_gf_16,11.07,true
corridor_gf_16,room_gf_63,11.07,true
room_gf_63,corridor_gf_61,17.71,true
corridor_gf_61,room_gf_63,17.71,true
room_gf_64,corridor_gf_62,21.95,true
corridor_gf_62,room_gf_64,21.95,true
room_gf_64,corridor_gf_61,31.69,true
corridor_gf_61,room_gf_64,31.69,true
room_gf_65,corridor_gf_62,7.63,true
corridor_gf_62,room_gf_65,7.63,true
room_gf_65,corridor_gf_61,14.74,true
corridor_gf_61,room_gf_65,14.74,true
room_gf_66,corridor_gf_62,15.37,true
corridor_gf_62,room_gf_66,15.37,true
room_gf_66,corridor_gf_61,18.68,true
corridor_gf_61,room_gf_66,18.68,true
room_gf_67,corridor_gf_150,11.43,true
corridor_gf_150,room_gf_67,11.43,true
room_gf_67,corridor_gf_60,25.09,true
corridor_gf_60,room_gf_67,25.09,true
room_gf_68,corridor_gf_150,18.81,true
corridor_gf_150,room_gf_68,18.81,true
room_gf_68,corridor_gf_62,27.76,true
corridor_gf_62,room_gf_68,27.76,true
room_gf_69,corridor_gf_61,17.69,true
corridor_gf_61,room_gf_69,17.69,true
room_gf_69,corridor_gf_62,27.23,true
corridor_gf_62,room_gf_69,27.23,true
room_gf_70,corridor_gf_61,12.64,true
corridor_gf_61,room_gf_70,12.64,true
room_gf_70,corridor_gf_62,20.47,true
corridor_gf_62,room_gf_70,20.47,true
room_gf_71,corridor_gf_150,16.65,true
corridor_gf_150,room_gf_71,16.65,true
room_gf_71,corridor_gf_61,26.98,true
corridor_gf_61,room_gf_71,26.98,true
room_gf_72,corridor_gf_60,12.51,true
corridor_gf_60,room_gf_72,12.51,true
room_gf_72,corridor_gf_150,17.45,true
corridor_gf_150,room_gf_72,17.45,true
room_gf_73,corridor_gf_60,10.49,true
corridor_gf_60,room_gf_73,10.49,true
room_gf_73,corridor_gf_150,15.21,true
corridor_gf_150,room_gf_73,15.21,true
room_gf_74,corridor_gf_59,13.30,true
corridor_gf_59,room_gf_74,13.30,true
room_gf_74,corridor_gf_58,21.50,true
corridor_gf_58,room_gf_74,21.50,true
room_gf_75,corridor_gf_59,11.11,true
corridor_gf_59,room_gf_75,11.11,true
room_gf_75,corridor_gf_60,20.04,true
corridor_gf_60,room_gf_75,20.04,true
room_gf_76,corridor_gf_58,12.30,true
corridor_gf_58,room_gf_76,12.30,true
room_gf_76,corridor_gf_59,25.34,true
corridor_gf_59,room_gf_76,25.34,true
room_gf_77,corridor_gf_58,10.63,true
corridor_gf_58,room_gf_77,10.63,true
room_gf_77,corridor_gf_59,21.85,true
corridor_gf_59,room_gf_77,21.85,true
room_gf_78,corridor_gf_57,11.75,true
corridor_gf_57,room_gf_78,11.75,true
room_gf_78,corridor_gf_13,18.01,true
corridor_gf_13,room_gf_78,18.01,true
room_gf_79,corridor_gf_57,12.33,true
corridor_gf_57,room_gf_79,12.33,true
room_gf_79,corridor_gf_56,18.44,true
corridor_gf_56,room_gf_79,18.44,true
room_gf_80,corridor_gf_56,8.65,true
corridor_gf_56,room_gf_80,8.65,true
room_gf_80,corridor_gf_57,19.00,true
corridor_gf_57,room_gf_80,19.00,true
room_gf_81,corridor_gf_56,11.02,true
corridor_gf_56,room_gf_81,11.02,true
room_gf_81,corridor_gf_57,21.26,true
corridor_gf_57,room_gf_81,21.26,true
room_gf_82,corridor_gf_55,17.10,true
corridor_gf_55,room_gf_82,17.10,true
room_gf_82,corridor_gf_11,19.69,true
corridor_gf_11,room_gf_82,19.69,true
room_gf_83,corridor_gf_54,16.76,true
corridor_gf_54,room_gf_83,16.76,true
room_gf_83,corridor_gf_11,19.41,true
corridor_gf_11,room_gf_83,19.41,true
room_gf_84,corridor_gf_11,44.58,true
corridor_gf_11,room_gf_84,44.58,true
room_gf_84,corridor_gf_54,50.41,true
corridor_gf_54,room_gf_84,50.41,true
room_gf_85,corridor_gf_51,44.72,true
corridor_gf_51,room_gf_85,44.72,true
room_gf_85,corridor_gf_9,46.51,true
corridor_gf_9,room_gf_85,46.51,true
room_gf_86,corridor_gf_10,17.83,true
corridor_gf_10,room_gf_86,17.83,true
room_gf_86,corridor_gf_53,24.96,true
corridor_gf_53,room_gf_86,24.96,true
room_gf_87,corridor_gf_160,15.45,true
corridor_gf_160,room_gf_87,15.45,true
room_gf_87,corridor_gf_26,26.89,true
corridor_gf_26,room_gf_87,26.89,true
room_gf_88,corridor_gf_53,13.68,true
corridor_gf_53,room_gf_88,13.68,true
room_gf_88,corridor_gf_52,20.14,true
corridor_gf_52,room_gf_88,20.14,true
room_gf_89,corridor_gf_53,11.48,true
corridor_gf_53,room_gf_89,11.48,true
room_gf_89,corridor_gf_10,22.44,true
corridor_gf_10,room_gf_89,22.44,true
room_gf_90,corridor_gf_52,11.16,true
corridor_gf_52,room_gf_90,11.16,true
room_gf_90,corridor_gf_53,19.12,true
corridor_gf_53,room_gf_90,19.12,true
room_gf_91,corridor_gf_52,11.96,true
corridor_gf_52,room_gf_91,11.96,true
room_gf_91,corridor_gf_9,18.22,true
corridor_gf_9,room_gf_91,18.22,true
room_gf_92,corridor_gf_51,11.41,true
corridor_gf_51,room_gf_92,11.41,true
room_gf_92,corridor_gf_50,22.40,true
corridor_gf_50,room_gf_92,22.40,true
room_gf_93,corridor_gf_51,12.86,true
corridor_gf_51,room_gf_93,12.86,true
room_gf_93,corridor_gf_50,24.23,true
corridor_gf_50,room_gf_93,24.23,true
room_gf_94,corridor_gf_50,11.83,true
corridor_gf_50,room_gf_94,11.83,true
room_gf_94,corridor_gf_48,22.87,true
corridor_gf_48,room_gf_94,22.87,true
room_gf_95,corridor_gf_50,11.54,true
corridor_gf_50,room_gf_95,11.54,true
room_gf_95,corridor_gf_48,23.31,true
corridor_gf_48,room_gf_95,23.31,true
room_gf_96,corridor_gf_48,13.30,true
corridor_gf_48,room_gf_96,13.30,true
room_gf_96,corridor_gf_50,23.63,true
corridor_gf_50,room_gf_96,23.63,true
room_gf_97,corridor_gf_48,11.51,true
corridor_gf_48,room_gf_97,11.51,true
room_gf_97,corridor_gf_50,23.82,true
corridor_gf_50,room_gf_97,23.82,true
room_gf_98,corridor_gf_25,15.32,true
corridor_gf_25,room_gf_98,15.32,true
room_gf_98,corridor_gf_43,18.37,true
corridor_gf_43,room_gf_98,18.37,true
room_gf_99,corridor_gf_25,28.73,true
corridor_gf_25,room_gf_99,28.73,true
room_gf_99,corridor_gf_26,35.60,true
corridor_gf_26,room_gf_99,35.60,true
room_gf_100,corridor_gf_21,21.13,true
corridor_gf_21,room_gf_100,21.13,true
room_gf_100,corridor_gf_22,21.57,true
corridor_gf_22,room_gf_100,21.57,true
room_gf_101,corridor_gf_11,60.55,true
corridor_gf_11,room_gf_101,60.55,true
room_gf_101,corridor_gf_54,61.05,true
corridor_gf_54,room_gf_101,61.05,true
room_gf_102,corridor_gf_10,39.40,true
corridor_gf_10,room_gf_102,39.40,true
room_gf_102,corridor_gf_54,45.30,true
corridor_gf_54,room_gf_102,45.30,true
room_gf_103,corridor_gf_12,39.80,true
corridor_gf_12,room_gf_103,39.80,true
room_gf_103,corridor_gf_55,44.35,true
corridor_gf_55,room_gf_103,44.35,true
room_gf_104,corridor_gf_12,44.29,true
corridor_gf_12,room_gf_104,44.29,true
room_gf_104,corridor_gf_55,52.96,true
corridor_gf_55,room_gf_104,52.96,true
room_gf_105,corridor_gf_12,61.41,true
corridor_gf_12,room_gf_105,61.41,true
room_gf_105,corridor_gf_55,69.76,true
corridor_gf_55,room_gf_105,69.76,true
room_gf_106,corridor_gf_12,55.11,true
corridor_gf_12,room_gf_106,55.11,true
room_gf_106,corridor_gf_55,66.27,true
corridor_gf_55,room_gf_106,66.27,true
room_gf_107,corridor_gf_12,63.82,true
corridor_gf_12,room_gf_107,63.82,true
room_gf_107,corridor_gf_55,76.90,true
corridor_gf_55,room_gf_107,76.90,true
room_gf_108,corridor_gf_42,105.02,true
corridor_gf_42,room_gf_108,105.02,true
room_gf_108,corridor_gf_10,139.07,true
corridor_gf_10,room_gf_108,139.07,true
room_gf_109,corridor_gf_12,73.60,true
corridor_gf_12,room_gf_109,73.60,true
room_gf_109,corridor_gf_11,73.82,true
corridor_gf_11,room_gf_109,73.82,true
room_gf_110,corridor_gf_16,66.11,true
corridor_gf_16,room_gf_110,66.11,true
room_gf_110,corridor_gf_61,66.34,true
corridor_gf_61,room_gf_110,66.34,true
room_gf_155,corridor_gf_26,8.17,true
corridor_gf_26,room_gf_155,8.17,true
room_gf_155,corridor_gf_25,40.16,true
corridor_gf_25,room_gf_155,40.16,true
room_gf_112,corridor_gf_160,11.46,true
corridor_gf_160,room_gf_112,11.46,true
room_gf_112,corridor_gf_26,31.54,true
corridor_gf_26,room_gf_112,31.54,true
room_gf_113,corridor_gf_25,12.02,true
corridor_gf_25,room_gf_113,12.02,true
room_gf_113,corridor_gf_26,31.61,true
corridor_gf_26,room_gf_113,31.61,true
room_gf_114,corridor_gf_41,13.73,true
corridor_gf_41,room_gf_114,13.73,true
room_gf_114,corridor_gf_160,49.37,true
corridor_gf_160,room_gf_114,49.37,true
room_gf_115,corridor_gf_29,12.66,true
corridor_gf_29,room_gf_115,12.66,true
room_gf_115,corridor_gf_5,18.69,true
corridor_gf_5,room_gf_115,18.69,true
room_gf_116,corridor_gf_12,40.77,true
corridor_gf_12,room_gf_116,40.77,true
room_gf_116,corridor_gf_55,50.95,true
corridor_gf_55,room_gf_116,50.95,true
room_gf_117,corridor_gf_12,60.44,true
corridor_gf_12,room_gf_117,60.44,true
room_gf_117,corridor_gf_55,69.85,true
corridor_gf_55,room_gf_117,69.85,true
room_gf_118,corridor_gf_12,66.90,true
corridor_gf_12,room_gf_118,66.90,true
room_gf_118,corridor_gf_56,78.21,true
corridor_gf_56,room_gf_118,78.21,true
room_gf_119,corridor_gf_12,77.32,true
corridor_gf_12,room_gf_119,77.32,true
room_gf_119,corridor_gf_55,90.91,true
corridor_gf_55,room_gf_119,90.91,true
room_gf_120,corridor_gf_12,47.27,true
corridor_gf_12,room_gf_120,47.27,true
room_gf_120,corridor_gf_55,51.17,true
corridor_gf_55,room_gf_120,51.17,true
room_gf_121,corridor_gf_10,46.54,true
corridor_gf_10,room_gf_121,46.54,true
room_gf_121,corridor_gf_54,50.88,true
corridor_gf_54,room_gf_121,50.88,true
room_gf_122,corridor_gf_28,11.30,true
corridor_gf_28,room_gf_122,11.30,true
room_gf_122,corridor_gf_37,17.11,true
corridor_gf_37,room_gf_122,17.11,true
room_gf_123,corridor_gf_15,19.61,true
corridor_gf_15,room_gf_123,19.61,true
room_gf_123,corridor_gf_63,25.89,true
corridor_gf_63,room_gf_123,25.89,true
room_gf_124,corridor_gf_15,11.19,true
corridor_gf_15,room_gf_124,11.19,true
room_gf_124,corridor_gf_63,20.12,true
corridor_gf_63,room_gf_124,20.12,true
room_gf_125,corridor_gf_23,73.30,true
corridor_gf_23,room_gf_125,73.30,true
room_gf_125,corridor_gf_47,85.06,true
corridor_gf_47,room_gf_125,85.06,true
room_gf_126,corridor_gf_100,26.87,true
corridor_gf_100,room_gf_126,26.87,true
room_gf_126,corridor_gf_36,30.56,true
corridor_gf_36,room_gf_126,30.56,true
room_gf_150,corridor_gf_2,11.74,true
corridor_gf_2,room_gf_150,11.74,true
room_gf_150,corridor_gf_40,15.66,true
corridor_gf_40,room_gf_150,15.66,true
corridor_gf_1,corridor_gf_40,27.41,true
corridor_gf_40,corridor_gf_1,27.41,true
corridor_gf_1,corridor_gf_2,47.52,true
corridor_gf_2,corridor_gf_1,47.52,true
corridor_gf_2,corridor_gf_39,18.77,true
corridor_gf_39,corridor_gf_2,18.77,true
corridor_gf_2,corridor_gf_40,20.50,true
corridor_gf_40,corridor_gf_2,20.50,true
corridor_gf_3,corridor_gf_37,11.09,true
corridor_gf_37,corridor_gf_3,11.09,true
corridor_gf_3,corridor_gf_34,15.22,true
corridor_gf_34,corridor_gf_3,15.22,true
corridor_gf_100,corridor_gf_34,28.80,true
corridor_gf_34,corridor_gf_100,28.80,true
corridor_gf_100,corridor_gf_29,39.89,true
corridor_gf_29,corridor_gf_100,39.89,true
corridor_gf_5,corridor_gf_29,12.79,true
corridor_gf_29,corridor_gf_5,12.79,true
corridor_gf_5,corridor_gf_30,16.99,true
corridor_gf_30,corridor_gf_5,16.99,true
corridor_gf_6,corridor_gf_33,18.48,true
corridor_gf_33,corridor_gf_6,18.48,true
corridor_gf_6,corridor_gf_32,20.66,true
corridor_gf_32,corridor_gf_6,20.66,true
corridor_gf_7,corridor_gf_33,26.54,true
corridor_gf_33,corridor_gf_7,26.54,true
corridor_gf_7,corridor_gf_6,44.91,true
corridor_gf_6,corridor_gf_7,44.91,true
corridor_gf_160,corridor_gf_48,22.59,true
corridor_gf_48,corridor_gf_160,22.59,true
corridor_gf_160,corridor_gf_26,39.71,true
corridor_gf_26,corridor_gf_160,39.71,true
corridor_gf_9,corridor_gf_52,17.46,true
corridor_gf_52,corridor_gf_9,17.46,true
corridor_gf_9,corridor_gf_51,24.37,true
corridor_gf_51,corridor_gf_9,24.37,true
corridor_gf_10,corridor_gf_53,22.91,true
corridor_gf_53,corridor_gf_10,22.91,true
corridor_gf_10,corridor_gf_54,23.01,true
corridor_gf_54,corridor_gf_10,23.01,true
corridor_gf_11,corridor_gf_54,19.28,true
corridor_gf_54,corridor_gf_11,19.28,true
corridor_gf_11,corridor_gf_55,22.74,true
corridor_gf_55,corridor_gf_11,22.74,true
corridor_gf_12,corridor_gf_55,14.43,true
corridor_gf_55,corridor_gf_12,14.43,true
corridor_gf_12,corridor_gf_56,29.93,true
corridor_gf_56,corridor_gf_12,29.93,true
corridor_gf_13,corridor_gf_57,15.55,true
corridor_gf_57,corridor_gf_13,15.55,true
corridor_gf_13,corridor_gf_58,25.09,true
corridor_gf_58,corridor_gf_13,25.09,true
corridor_gf_150,corridor_gf_60,14.33,true
corridor_gf_60,corridor_gf_150,14.33,true
corridor_gf_150,corridor_gf_59,31.29,true
corridor_gf_59,corridor_gf_150,31.29,true
corridor_gf_15,corridor_gf_64,15.08,true
corridor_gf_64,corridor_gf_15,15.08,true
corridor_gf_15,corridor_gf_63,27.01,true
corridor_gf_63,corridor_gf_15,27.01,true
corridor_gf_16,corridor_gf_61,14.47,true
corridor_gf_61,corridor_gf_16,14.47,true
corridor_gf_16,corridor_gf_62,18.09,true
corridor_gf_62,corridor_gf_16,18.09,true
corridor_gf_17,corridor_gf_67,19.49,true
corridor_gf_67,corridor_gf_17,19.49,true
corridor_gf_17,corridor_gf_66,22.16,true
corridor_gf_66,corridor_gf_17,22.16,true
corridor_gf_18,corridor_gf_68,16.02,true
corridor_gf_68,corridor_gf_18,16.02,true
corridor_gf_18,corridor_gf_19,20.05,true
corridor_gf_19,corridor_gf_18,20.05,true
corridor_gf_19,corridor_gf_68,26.63,true
corridor_gf_68,corridor_gf_19,26.63,true
corridor_gf_20,corridor_gf_23,19.80,true
corridor_gf_23,corridor_gf_20,19.80,true
corridor_gf_20,corridor_gf_47,28.08,true
corridor_gf_47,corridor_gf_20,28.08,true
corridor_gf_21,corridor_gf_22,42.66,true
corridor_gf_22,corridor_gf_21,42.66,true
corridor_gf_21,corridor_gf_66,45.21,true
corridor_gf_66,corridor_gf_21,45.21,true
corridor_gf_22,corridor_gf_45,43.33,true
corridor_gf_45,corridor_gf_22,43.33,true
corridor_gf_23,corridor_gf_47,17.69,true
corridor_gf_47,corridor_gf_23,17.69,true
corridor_gf_24,corridor_gf_46,16.39,true
corridor_gf_46,corridor_gf_24,16.39,true
corridor_gf_24,corridor_gf_45,24.44,true
corridor_gf_45,corridor_gf_24,24.44,true
corridor_gf_25,corridor_gf_43,22.03,true
corridor_gf_43,corridor_gf_25,22.03,true
corridor_gf_25,corridor_gf_26,40.18,true
corridor_gf_26,corridor_gf_25,40.18,true
corridor_gf_27,corridor_gf_36,28.64,true
corridor_gf_36,corridor_gf_27,28.64,true
corridor_gf_27,corridor_gf_35,38.29,true
corridor_gf_35,corridor_gf_27,38.29,true
corridor_gf_28,corridor_gf_3,23.42,true
corridor_gf_3,corridor_gf_28,23.42,true
corridor_gf_28,corridor_gf_37,26.46,true
corridor_gf_37,corridor_gf_28,26.46,true
corridor_gf_29,corridor_gf_30,23.95,true
corridor_gf_30,corridor_gf_29,23.95,true
corridor_gf_30,corridor_gf_31,14.47,true
corridor_gf_31,corridor_gf_30,14.47,true
corridor_gf_31,corridor_gf_32,20.37,true
corridor_gf_32,corridor_gf_31,20.37,true
corridor_gf_34,corridor_gf_35,18.75,true
corridor_gf_35,corridor_gf_34,18.75,true
corridor_gf_35,corridor_gf_36,12.43,true
corridor_gf_36,corridor_gf_35,12.43,true
corridor_gf_36,corridor_gf_34,27.56,true
corridor_gf_34,corridor_gf_36,27.56,true
corridor_gf_37,corridor_gf_38,21.40,true
corridor_gf_38,corridor_gf_37,21.40,true
corridor_gf_38,corridor_gf_39,18.46,true
corridor_gf_39,corridor_gf_38,18.46,true
corridor_gf_41,corridor_gf_160,42.96,true
corridor_gf_160,corridor_gf_41,42.96,true
corridor_gf_41,corridor_gf_48,51.09,true
corridor_gf_48,corridor_gf_41,51.09,true
corridor_gf_42,corridor_gf_10,63.71,true
corridor_gf_10,corridor_gf_42,63.71,true
corridor_gf_42,corridor_gf_53,70.87,true
corridor_gf_53,corridor_gf_42,70.87,true
corridor_gf_43,corridor_gf_44,18.45,true
corridor_gf_44,corridor_gf_43,18.45,true
corridor_gf_44,corridor_gf_45,21.11,true
corridor_gf_45,corridor_gf_44,21.11,true
corridor_gf_46,corridor_gf_47,20.20,true
corridor_gf_47,corridor_gf_46,20.20,true
corridor_gf_48,corridor_gf_50,20.67,true
corridor_gf_50,corridor_gf_48,20.67,true
corridor_gf_50,corridor_gf_51,20.08,true
corridor_gf_51,corridor_gf_50,20.08,true
corridor_gf_52,corridor_gf_53,17.00,true
corridor_gf_53,corridor_gf_52,17.00,true
corridor_gf_56,corridor_gf_57,16.53,true
corridor_gf_57,corridor_gf_56,16.53,true
corridor_gf_58,corridor_gf_59,19.64,true
corridor_gf_59,corridor_gf_58,19.64,true
corridor_gf_59,corridor_gf_60,17.00,true
corridor_gf_60,corridor_gf_59,17.00,true
corridor_gf_61,corridor_gf_62,10.50,true
corridor_gf_62,corridor_gf_61,10.50,true
corridor_gf_63,corridor_gf_16,19.32,true
corridor_gf_16,corridor_gf_63,19.32,true
corridor_gf_64,corridor_gf_65,20.67,true
corridor_gf_65,corridor_gf_64,20.67,true
corridor_gf_65,corridor_gf_66,19.05,true
corridor_gf_66,corridor_gf_65,19.05,true
corridor_gf_67,corridor_gf_68,19.96,true
corridor_gf_68,corridor_gf_67,19.96,true
stair_gf_1,corridor_gf_2,16.28,true
corridor_gf_2,stair_gf_1,16.28,true
stair_gf_4,corridor_gf_160,26.07,true
corridor_gf_160,stair_gf_4,26.07,true
stair_gf_3,corridor_gf_25,20.35,true
corridor_gf_25,stair_gf_3,20.35,true
stair_gf_2,corridor_gf_36,7.45,true
corridor_gf_36,stair_gf_2,7.45,true
stair_gf_5,corridor_gf_27,16.99,true
corridor_gf_27,stair_gf_5,16.99,true
stair_gf_6,corridor_gf_41,9.58,true
corridor_gf_41,stair_gf_6,9.58,true
stair_gf_7,corridor_gf_6,16.94,true
corridor_gf_6,stair_gf_7,16.94,true
stair_gf_8,corridor_gf_9,17.69,true
corridor_gf_9,stair_gf_8,17.69,true
stair_gf_9,corridor_gf_10,9.96,true
corridor_gf_10,stair_gf_9,9.96,true
stair_gf_11,corridor_gf_24,20.32,true
corridor_gf_24,stair_gf_11,20.32,true
stair_gf_12,corridor_gf_17,16.34,true
corridor_gf_17,stair_gf_12,16.34,true
stair_gf_14,corridor_gf_12,29.76,true
corridor_gf_12,stair_gf_14,29.76,true
stair_gf_13,corridor_gf_13,28.63,true
corridor_gf_13,stair_gf_13,28.63,true
stair_gf_15,corridor_gf_29,22.82,true
corridor_gf_29,stair_gf_15,22.82,true
stair_gf_16,corridor_gf_23,8.12,true
corridor_gf_23,stair_gf_16,8.12,true
stair_gf_17,corridor_gf_18,6.51,true
corridor_gf_18,stair_gf_17,6.51,true
stair_gf_18,corridor_gf_7,6.20,true
corridor_gf_7,stair_gf_18,6.20,true
stair_gf_19,corridor_gf_1,11.12,true
corridor_gf_1,stair_gf_19,11.12,true
lift_gf,corridor_gf_27,10.37,true
corridor_gf_27,lift_gf,10.37,true
stair_ff_1,stair_sf_1,35.03,false
stair_sf_1,stair_ff_1,35.03,false
stair_sf_1,stair_tf_1,10.39,false
stair_tf_1,stair_sf_1,10.39,false
stair_tf_1,stair_gf_1,44.21,false
stair_gf_1,stair_tf_1,44.21,false
stair_ff_4,stair_sf_4,28.08,false
stair_sf_4,stair_ff_4,28.08,false
stair_sf_4,stair_gf_4,46.74,false
stair_gf_4,stair_sf_4,46.74,false
stair_ff_3,stair_sf_3,33.17,false
stair_sf_3,stair_ff_3,33.17,false
stair_sf_3,corridor_tf_3,224.95,false
corridor_tf_3,stair_sf_3,224.95,false
corridor_tf_3,stair_gf_3,234.63,false
stair_gf_3,corridor_tf_3,234.63,false
stair_ff_2,stair_gf_2,59.69,false
stair_gf_2,stair_ff_2,59.69,false
stair_ff_5,stair_sf_5,28.20,false
stair_sf_5,stair_ff_5,28.20,false
stair_sf_5,stair_tf_5,6.32,false
stair_tf_5,stair_sf_5,6.32,false
stair_tf_5,stair_gf_5,18.43,false
stair_gf_5,stair_tf_5,18.43,false
stair_ff_6,stair_sf_6,26.08,false
stair_sf_6,stair_ff_6,26.08,false
stair_sf_6,stair_gf_6,42.58,false
stair_gf_6,stair_sf_6,42.58,false
stair_ff_7,stair_sf_7,22.87,false
stair_sf_7,stair_ff_7,22.87,false
stair_sf_7,stair_tf_7,32.41,false
stair_tf_7,stair_sf_7,32.41,false
stair_tf_7,stair_gf_7,59.72,false
stair_gf_7,stair_tf_7,59.72,false
stair_ff_8,stair_sf_8,23.39,false
stair_sf_8,stair_ff_8,23.39,false
stair_sf_8,stair_gf_8,60.48,false
stair_gf_8,stair_sf_8,60.48,false
stair_ff_9,stair_sf_9,23.60,false
stair_sf_9,stair_ff_9,23.60,false
stair_sf_9,stair_gf_9,80.54,false
stair_gf_9,stair_sf_9,80.54,false
stair_ff_11,stair_sf_11,36.54,false
stair_sf_11,stair_ff_11,36.54,false
stair_sf_11,stair_gf_11,18.63,false
stair_gf_11,stair_sf_11,18.63,false
stair_ff_12,stair_gf_12,43.15,false
stair_gf_12,stair_ff_12,43.15,false
stair_ff_14,stair_gf_14,64.19,false
stair_gf_14,stair_ff_14,64.19,false
stair_ff_13,stair_gf_13,67.19,false
stair_gf_13,stair_ff_13,67.19,false
stair_ff_15,stair_sf_15,89.99,false
stair_sf_15,stair_ff_15,89.99,false
stair_sf_15,stair_gf_15,53.96,false
stair_gf_15,stair_sf_15,53.96,false
stair__ff_16,stair_sf_16,40.52,false
stair_sf_16,stair__ff_16,40.52,false
stair_sf_16,stair_gf_16,17.17,false
stair_gf_16,stair_sf_16,17.17,false
stair_ff_17,stair_gf_17,33.40,false
stair_gf_17,stair_ff_17,33.40,false
stair_ff_18,stair_sf_18,13.44,false
stair_sf_18,stair_ff_18,13.44,false
stair_sf_18,stair_tf_18,36.29,false
stair_tf_18,stair_sf_18,36.29,false
stair_tf_18,stair_gf_18,56.94,false
stair_gf_18,stair_tf_18,56.94,false
stair_ff_19,stair_sf_19,38.23,false
stair_sf_19,stair_ff_19,38.23,false
stair_sf_19,stair_tf_19,25.78,false
stair_tf_19,stair_sf_19,25.78,false
stair_tf_19,stair_gf_19,45.36,false
stair_gf_19,stair_tf_19,45.36,false
entrance_1,corridor_gf_62,25.85,true
corridor_gf_62,entrance_1,25.85,true
entrance_1,corridor_gf_16,32.06,true
corridor_gf_16,entrance_1,32.06,true
entrance_2,corridor_gf_20,23.67,true
corridor_gf_20,entrance_2,23.67,true
entrance_2,corridor_gf_19,23.90,true
corridor_gf_19,entrance_2,23.90,true
entrance_3,corridor_gf_36,15.66,true
corridor_gf_36,entrance_3,15.66,true
entrance_3,corridor_gf_35,16.62,true
corridor_gf_35,entrance_3,16.62,true
entrance_4,corridor_gf_1,24.91,true
corridor_gf_1,entrance_4,24.91,true
entrance_4,corridor_gf_40,51.80,true
corridor_gf_40,entrance_4,51.80,true
entrance_5,corridor_gf_7,25.27,true
corridor_gf_7,entrance_5,25.27,true
entrance_5,corridor_gf_33,51.01,true
corridor_gf_33,entrance_5,51.01,true
entrance_17,corridor_gf_41,25.25,true
corridor_gf_41,entrance_17,25.25,true
entrance_17,corridor_gf_5,31.20,true
corridor_gf_5,entrance_17,31.20,true
entrance_16,corridor_gf_10,22.32,true
corridor_gf_10,entrance_16,22.32,true
entrance_16,corridor_gf_53,34.51,true
corridor_gf_53,entrance_16,34.51,true
entrance_15,corridor_gf_11,10.93,true
corridor_gf_11,entrance_15,10.93,true
entrance_15,corridor_gf_54,20.93,true
corridor_gf_54,entrance_15,20.93,true
entrance_9,corridor_gf_12,6.14,true
corridor_gf_12,entrance_9,6.14,true
entrance_9,corridor_gf_55,16.33,true
corridor_gf_55,entrance_9,16.33,true
entrance_10,corridor_gf_18,5.05,true
corridor_gf_18,entrance_10,5.05,true
entrance_10,corridor_gf_19,18.02,true
corridor_gf_19,entrance_10,18.02,true
Room_SF_23,corridor_sf_2,32.86,true
corridor_sf_2,Room_SF_23,32.86,true
Room_SF_23,Corridor_SF_56,40.48,true
Corridor_SF_56,Room_SF_23,40.48,true
room_sf_36,corridor_sf_51,13.34,true
corridor_sf_51,room_sf_36,13.34,true
room_sf_36,Corridor_SF_48,20.04,true
Corridor_SF_48,room_sf_36,20.04,true
